"caption","commentsCount","dimensionsHeight","dimensionsWidth","displayUrl","hashtags/0","hashtags/1","hashtags/2","hashtags/3","hashtags/4","hashtags/5","hashtags/6","hashtags/7","hashtags/8","hashtags/9","hashtags/10","hashtags/11","hashtags/12","hashtags/13","id","isCommentsDisabled","isPinned","likesCount","ownerFullName","ownerId","ownerUsername","productType","shortCode","timestamp","type","url","videoUrl"
"","2","1350","1080","https://scontent-ord5-3.cdninstagram.com/v/t51.82787-15/626277361_18159299044421662_2570930126290436209_n.jpg?stp=dst-jpg_e15_fr_p1080x1080_tt6&_nc_ht=scontent-ord5-3.cdninstagram.com&_nc_cat=110&_nc_oc=Q6cZ2gEwXZ8cvmHozR-eMwIbtUv2wtYA-gY7Fv3Kd8t2r0wcv2GdQ8-mRzG2-WN0iT0WzjI&_nc_ohc=legKb1QxgSUQ7kNvwEI_NBf&_nc_gid=573N94W3Y2V8PZu_v70oYA&edm=APU89FABAAAA&ccb=7-5&oh=00_AfzXl5McpHhD12dfl8gKOFNNR5kUrmIi2nLT78TgNVvFHw&oe=69C307ED&_nc_sid=bc0c2c",,,,,,,,,,,,,,,"3828948013003891280","false","true","10","Michaela , stylistka pro ženy 50+, s plus size postavou","12507893661","stylovav50",,"DUjJ-5iiOJQ","2026-02-09T19:43:14.000Z","Sidecar","https://www.instagram.com/p/DUjJ-5iiOJQ/",
"Tohle není jen o saku. 
Tohle je o tom, že ty ženy chtějí být zase vidět – jen jim to nikdo neřekl nahlas. A ty přesně tohle říkáš.

Chceš to taky zkusit a nemáš odvahu? Napiš..","1","1136","640","https://scontent-ord5-1.cdninstagram.com/v/t51.71878-15/654987979_2729721087393659_4964627455777117659_n.jpg?stp=dst-jpg_e15_tt6&_nc_ht=scontent-ord5-1.cdninstagram.com&_nc_cat=111&_nc_oc=Q6cZ2gEwXZ8cvmHozR-eMwIbtUv2wtYA-gY7Fv3Kd8t2r0wcv2GdQ8-mRzG2-WN0iT0WzjI&_nc_ohc=J5CErkZCooIQ7kNvwHqADjM&_nc_gid=573N94W3Y2V8PZu_v70oYA&edm=APU89FABAAAA&ccb=7-5&oh=00_AfwhpkzcCBHk2zbyhYlCi5JkJx0dprHXErala7epPkW0hA&oe=69C2FF91&_nc_sid=bc0c2c",,,,,,,,,,,,,,,"3856838445951937965","false",,"4","Michaela , stylistka pro ženy 50+, s plus size postavou","12507893661","stylovav50","clips","DWGPiHXCO2t","2026-03-20T07:17:37.000Z","Video","https://www.instagram.com/p/DWGPiHXCO2t/","https://scontent-ord5-1.cdninstagram.com/o1/v/t16/f2/m69/AQPmh4r4ZEoxJRECb53wUlDZ2M52zBYicD87oLpG2XQh8LsXxQcMM99xnVkZ5U_XGO_U3GPQ6hb-w8-uo6a3tJOb.mp4?strext=1&_nc_cat=111&_nc_sid=5e9851&_nc_ht=scontent-ord5-1.cdninstagram.com&_nc_ohc=QUvlRTm2iswQ7kNvwE-7TwS&efg=eyJ2ZW5jb2RlX3RhZyI6Inhwdl9wcm9ncmVzc2l2ZS5JTlNUQUdSQU0uQ0xJUFMuQzMuNzIwLmRhc2hfYmFzZWxpbmVfMV92MSIsInhwdl9hc3NldF9pZCI6MTc4NTk3Mjk3MTE2MTc2ODcsImFzc2V0X2FnZV9kYXlzIjowLCJ2aV91c2VjYXNlX2lkIjoxMDA5OSwiZHVyYXRpb25fcyI6MTAsInVybGdlbl9zb3VyY2UiOiJ3d3cifQ%3D%3D&ccb=17-1&vs=50a14bcc15b9cce9&_nc_vs=HBksFQIYOnBhc3N0aHJvdWdoX2V2ZXJzdG9yZS9HTElyOGlZengzckk2TUlDQUR3S0VDb042a1oyYnNwVEFRQUYVAALIARIAFQIYUWlnX3hwdl9wbGFjZW1lbnRfcGVybWFuZW50X3YyLzEwNDYyQURGMDUxOUJCODdGNUFCMEZDNDY4NzdFODhFX2F1ZGlvX2Rhc2hpbml0Lm1wNBUCAsgBEgAoABgAGwKIB3VzZV9vaWwBMRJwcm9ncmVzc2l2ZV9yZWNpcGUBMRUAACau2vbTi9W5PxUCKAJDMywXQCV3S8an754YEmRhc2hfYmFzZWxpbmVfMV92MREAdf4HZeadAQA&_nc_gid=573N94W3Y2V8PZu_v70oYA&_nc_ss=7a30f&_nc_zt=28&oh=00_AfxY40PX3THZNxNf3TZnoKg5eMSvuD4YLIJzo4wDYrKcRg&oe=69C2E99D"
"Ty napíšeš. Já vyberu. Já přivezu.

Ještě pořád si myslíš že nepotřebuješ stylistu?","2","1136","640","https://scontent-ord5-2.cdninstagram.com/v/t51.71878-15/654551885_1288527456709889_2525680824192337114_n.jpg?stp=dst-jpg_e15_tt6&_nc_ht=scontent-ord5-2.cdninstagram.com&_nc_cat=105&_nc_oc=Q6cZ2gEwXZ8cvmHozR-eMwIbtUv2wtYA-gY7Fv3Kd8t2r0wcv2GdQ8-mRzG2-WN0iT0WzjI&_nc_ohc=j2b8oKfjf_AQ7kNvwGURH_D&_nc_gid=573N94W3Y2V8PZu_v70oYA&edm=APU89FABAAAA&ccb=7-5&oh=00_AfxGcT7XAdV73dlHr_F0btD02u6sRU1EQ6h7gC6H334jjA&oe=69C2DEC8&_nc_sid=bc0c2c",,,,,,,,,,,,,,,"3856088255229858036","false",,"6","Michaela , stylistka pro ženy 50+, s plus size postavou","12507893661","stylovav50","clips","DWDk9ZziBD0","2026-03-19T06:28:39.000Z","Video","https://www.instagram.com/p/DWDk9ZziBD0/","https://scontent-ord5-1.cdninstagram.com/o1/v/t16/f2/m69/AQOz_qEXYOoR_gFYgwsJvwLb0JDof_ENetCMXyk_DPQAoPo1CR7NMHM7l2iLEpQfFaYU3D9vZYy583nLo8JFOnE8.mp4?strext=1&_nc_cat=111&_nc_sid=5e9851&_nc_ht=scontent-ord5-1.cdninstagram.com&_nc_ohc=i1--Ta0V2SkQ7kNvwEnZw84&efg=eyJ2ZW5jb2RlX3RhZyI6Inhwdl9wcm9ncmVzc2l2ZS5JTlNUQUdSQU0uQ0xJUFMuQzMuNzIwLmRhc2hfYmFzZWxpbmVfMV92MSIsInhwdl9hc3NldF9pZCI6MTc4NTk1NjIzODY2MTc2ODcsImFzc2V0X2FnZV9kYXlzIjoxLCJ2aV91c2VjYXNlX2lkIjoxMDA5OSwiZHVyYXRpb25fcyI6MTQsInVybGdlbl9zb3VyY2UiOiJ3d3cifQ%3D%3D&ccb=17-1&vs=26ea14c603552ea1&_nc_vs=HBksFQIYOnBhc3N0aHJvdWdoX2V2ZXJzdG9yZS9HSGFEMGliamdIR2RDYThGQUdRYVFjbS11UEpoYnNwVEFRQUYVAALIARIAFQIYUWlnX3hwdl9wbGFjZW1lbnRfcGVybWFuZW50X3YyL0I2NDFGODc4REVGNERBMzYzMkMxRkU2OTA5RTJBQTgzX2F1ZGlvX2Rhc2hpbml0Lm1wNBUCAsgBEgAoABgAGwKIB3VzZV9vaWwBMRJwcm9ncmVzc2l2ZV9yZWNpcGUBMRUAACau1a_-rMu5PxUCKAJDMywXQCyZmZmZmZoYEmRhc2hfYmFzZWxpbmVfMV92MREAdf4HZeadAQA&_nc_gid=573N94W3Y2V8PZu_v70oYA&_nc_ss=7a30f&_nc_zt=28&oh=00_AfwaHlcJv00RpHdsRuR8vUgj4AoiZAZoVgbjvn3HMvbz-g&oe=69C2F80D"
"Jaký trend je ten pro Tebe ? 

Ve videu najdeš odpověď.. s pokud si nevíš rady, neváhej a napiš.. spolu určitě najdeme ten správný…","0","1136","640","https://scontent-ord5-1.cdninstagram.com/v/t51.71878-15/653600283_1458249795832352_1656638185890609867_n.jpg?stp=dst-jpg_e15_tt6&_nc_ht=scontent-ord5-1.cdninstagram.com&_nc_cat=108&_nc_oc=Q6cZ2gEwXZ8cvmHozR-eMwIbtUv2wtYA-gY7Fv3Kd8t2r0wcv2GdQ8-mRzG2-WN0iT0WzjI&_nc_ohc=CuZ4zDKa6L0Q7kNvwGtxgJU&_nc_gid=573N94W3Y2V8PZu_v70oYA&edm=APU89FABAAAA&ccb=7-5&oh=00_Afy3sBnc7uiT90gJ5F56WNkjTtftL-umm13qUajRxqgf2Q&oe=69C300A0&_nc_sid=bc0c2c",,,,,,,,,,,,,,,"3855386495221785957","false",,"3","Michaela , stylistka pro ženy 50+, s plus size postavou","12507893661","stylovav50","clips","DWBFZc3iGVl","2026-03-18T07:13:45.000Z","Video","https://www.instagram.com/p/DWBFZc3iGVl/","https://scontent-ord5-3.cdninstagram.com/o1/v/t16/f2/m69/AQM29JbQkg5bsVYTS-dvjuAqAhAt0b7qk4pI4CrZp5XpmSbhs5xRnqrTO2sAiPox3d1tZRfHcvzbX3hTUNuktgPR.mp4?strext=1&_nc_cat=109&_nc_sid=5e9851&_nc_ht=scontent-ord5-3.cdninstagram.com&_nc_ohc=OubV-C2bVYEQ7kNvwEUMXgd&efg=eyJ2ZW5jb2RlX3RhZyI6Inhwdl9wcm9ncmVzc2l2ZS5JTlNUQUdSQU0uQ0xJUFMuQzMuNzIwLmRhc2hfYmFzZWxpbmVfMV92MSIsInhwdl9hc3NldF9pZCI6MTc4NTk0MDIyNjE2MTc2ODcsImFzc2V0X2FnZV9kYXlzIjoyLCJ2aV91c2VjYXNlX2lkIjoxMDA5OSwiZHVyYXRpb25fcyI6MTgsInVybGdlbl9zb3VyY2UiOiJ3d3cifQ%3D%3D&ccb=17-1&vs=8741518aa044da4f&_nc_vs=HBksFQIYOnBhc3N0aHJvdWdoX2V2ZXJzdG9yZS9HRGJDeFNZY0drYi1FNVVFQUhtalJDTkxYclpBYnNwVEFRQUYVAALIARIAFQIYUWlnX3hwdl9wbGFjZW1lbnRfcGVybWFuZW50X3YyLzk2NDA4QzNGQzlBODNCNTYwNTJFMTkxODE0QTJDODkyX2F1ZGlvX2Rhc2hpbml0Lm1wNBUCAsgBEgAoABgAGwKIB3VzZV9vaWwBMRJwcm9ncmVzc2l2ZV9yZWNpcGUBMRUAACau8KL7g8K5PxUCKAJDMywXQDLdsi0OVgQYEmRhc2hfYmFzZWxpbmVfMV92MREAdf4HZeadAQA&_nc_gid=573N94W3Y2V8PZu_v70oYA&_nc_ss=7a30f&_nc_zt=28&oh=00_AfyuQhLh9ZPiI7Qhy2JaP0EE-BxZCat0W_VYhrpgDl1w1Q&oe=69C2F55B"
"Nejde o velikost.. jde o střih …
Pojďte se mnou do kabinky a uvidíte ten rozdíl….

#plussize #xl #plussizefashion #plnostihlamoda #plnostihla","4","1136","640","https://scontent-ord5-2.cdninstagram.com/v/t51.71878-15/654020146_1413831797152443_1490251426821533468_n.jpg?stp=dst-jpg_e15_tt6&_nc_ht=scontent-ord5-2.cdninstagram.com&_nc_cat=103&_nc_oc=Q6cZ2gEwXZ8cvmHozR-eMwIbtUv2wtYA-gY7Fv3Kd8t2r0wcv2GdQ8-mRzG2-WN0iT0WzjI&_nc_ohc=yBo9dg0F2RMQ7kNvwHbtKOa&_nc_gid=573N94W3Y2V8PZu_v70oYA&edm=APU89FABAAAA&ccb=7-5&oh=00_Afyt11DWRFoFYkccKyLwCbu5Ys-nI0RX0jj4tOMn9TtlgQ&oe=69C2E22C&_nc_sid=bc0c2c","plussize","xl","plussizefashion","plnostihlamoda","plnostihla",,,,,,,,,,"3854274019990223266","false",,"9","Michaela , stylistka pro ženy 50+, s plus size postavou","12507893661","stylovav50","clips","DV9IczkiLmi","2026-03-16T18:26:37.000Z","Video","https://www.instagram.com/p/DV9IczkiLmi/","https://scontent-ord5-3.cdninstagram.com/o1/v/t16/f2/m69/AQP8PEK5SBFopQtmekD8EXlj0-4YgSrZRgSMj5gJn5CQR-KYPMvhUl46AXpfGEfYUs9B1Cen-UlbW4OAwcYqpK72.mp4?strext=1&_nc_cat=107&_nc_sid=5e9851&_nc_ht=scontent-ord5-3.cdninstagram.com&_nc_ohc=4C-Mp0DHXn0Q7kNvwH46rup&efg=eyJ2ZW5jb2RlX3RhZyI6Inhwdl9wcm9ncmVzc2l2ZS5JTlNUQUdSQU0uQ0xJUFMuQzMuNzIwLmRhc2hfYmFzZWxpbmVfMV92MSIsInhwdl9hc3NldF9pZCI6MTc4NTkxODEwMzI2MTc2ODcsImFzc2V0X2FnZV9kYXlzIjozLCJ2aV91c2VjYXNlX2lkIjoxMDA5OSwiZHVyYXRpb25fcyI6MzksInVybGdlbl9zb3VyY2UiOiJ3d3cifQ%3D%3D&ccb=17-1&vs=44163e091db605ba&_nc_vs=HBksFQIYOnBhc3N0aHJvdWdoX2V2ZXJzdG9yZS9HSVByMVNacDZMWmxVRElQQUxuYTljLXRsendiYnNwVEFRQUYVAALIARIAFQIYUWlnX3hwdl9wbGFjZW1lbnRfcGVybWFuZW50X3YyL0I3NDNEQzEzOTE2RTE0OEIwQ0E4OEM5NjUzRDIyQzhBX2F1ZGlvX2Rhc2hpbml0Lm1wNBUCAsgBEgAoABgAGwKIB3VzZV9vaWwBMRJwcm9ncmVzc2l2ZV9yZWNpcGUBMRUAACau2-3Wk7W5PxUCKAJDMywXQEPAAAAAAAAYEmRhc2hfYmFzZWxpbmVfMV92MREAdf4HZeadAQA&_nc_gid=573N94W3Y2V8PZu_v70oYA&_nc_ss=7a30f&_nc_zt=28&oh=00_AfwleIhQplmawmCMAJAdFd21LWKYFjFKfWC-IVfEsSgz0w&oe=69C2F0C9"
"Většina žen řeší velikost džín….
Stylistky řeší střih..

Proto Vám postupně ukážu střihy džín, které dokáží změnit postavu..

Dnes to budou Barrel a wide lég ….","6","800","640","https://scontent-ord5-3.cdninstagram.com/v/t51.71878-15/653926413_2011580873130540_1886813652198667927_n.jpg?stp=dst-jpg_e15_tt6&_nc_ht=scontent-ord5-3.cdninstagram.com&_nc_cat=100&_nc_oc=Q6cZ2gEwXZ8cvmHozR-eMwIbtUv2wtYA-gY7Fv3Kd8t2r0wcv2GdQ8-mRzG2-WN0iT0WzjI&_nc_ohc=XoLT9IbwlGgQ7kNvwHjk0KJ&_nc_gid=573N94W3Y2V8PZu_v70oYA&edm=APU89FABAAAA&ccb=7-5&oh=00_Afycyp7hsOcIqcGDETnBgSECB7NRRjsP3v8QZDgvNOeA8g&oe=69C2E06E&_nc_sid=bc0c2c",,,,,,,,,,,,,,,"3853458854692526098","false",,"11","Michaela , stylistka pro ženy 50+, s plus size postavou","12507893661","stylovav50","clips","DV6PGluiBgS","2026-03-15T15:25:15.000Z","Video","https://www.instagram.com/p/DV6PGluiBgS/","https://scontent-ord5-2.cdninstagram.com/o1/v/t16/f2/m69/AQOt8-tI_5Z9XqaeLQY8yf8ISU3-R4MUJ9E6mtCdBf6wDPjNUXbZTuSLjcSGqCHCjCEvaBWjSFL87pxvd-N8o_LU.mp4?strext=1&_nc_cat=102&_nc_sid=5e9851&_nc_ht=scontent-ord5-2.cdninstagram.com&_nc_ohc=f2nG0gwRuKcQ7kNvwFHSnGi&efg=eyJ2ZW5jb2RlX3RhZyI6Inhwdl9wcm9ncmVzc2l2ZS5JTlNUQUdSQU0uQ0xJUFMuQzMuNzIwLmRhc2hfYmFzZWxpbmVfMV92MSIsInhwdl9hc3NldF9pZCI6MTc4NTkwMTUzMjc2MTc2ODcsImFzc2V0X2FnZV9kYXlzIjo0LCJ2aV91c2VjYXNlX2lkIjoxMDA5OSwiZHVyYXRpb25fcyI6MTYsInVybGdlbl9zb3VyY2UiOiJ3d3cifQ%3D%3D&ccb=17-1&vs=8871a32804f4ad87&_nc_vs=HBksFQIYOnBhc3N0aHJvdWdoX2V2ZXJzdG9yZS9HRTJWdHlaREJRYkZGWEVFQU94QkM5TmFHc0FPYnNwVEFRQUYVAALIARIAFQIYUWlnX3hwdl9wbGFjZW1lbnRfcGVybWFuZW50X3YyLzYwNEFBQTY0NjQzMjcyMjk1ODEyQTkwNjg2M0Q2OEJDX2F1ZGlvX2Rhc2hpbml0Lm1wNBUCAsgBEgAoABgAGwKIB3VzZV9vaWwBMRJwcm9ncmVzc2l2ZV9yZWNpcGUBMRUAACauyqCKwau5PxUCKAJDMywXQDAAAAAAAAAYEmRhc2hfYmFzZWxpbmVfMV92MREAdf4HZeadAQA&_nc_gid=573N94W3Y2V8PZu_v70oYA&_nc_ss=7a30f&_nc_zt=28&oh=00_Afwfqv4-z5s7GJx2XUjQ-za2EMme_Ke-XgCjNp3potBrsw&oe=69C2E662"
"Takhle můžeš vypadat i Ty.. věk a velikost jsou jen čísla.. důležité je chtít..

V hlavní roli džínová košile..
Má mnoho podob a střihů.. ale co je jasné, že se letos vrací na výsluní..
Takže pokud nějakou doma máte, neváhejte ji vytáhnout.. 
Tato je s @lindexletnany ..","3","1136","640","https://scontent-ord5-2.cdninstagram.com/v/t51.71878-15/650096481_1510361147760782_2850932292629047909_n.jpg?stp=dst-jpg_e15_tt6&_nc_ht=scontent-ord5-2.cdninstagram.com&_nc_cat=102&_nc_oc=Q6cZ2gEwXZ8cvmHozR-eMwIbtUv2wtYA-gY7Fv3Kd8t2r0wcv2GdQ8-mRzG2-WN0iT0WzjI&_nc_ohc=2c8yIKsWTjwQ7kNvwFVF9CG&_nc_gid=573N94W3Y2V8PZu_v70oYA&edm=APU89FABAAAA&ccb=7-5&oh=00_AfwHINbJVf-T_3VwHPRHtMNm_tArVi151f-XP-Vr1ewqyQ&oe=69C2F37C&_nc_sid=bc0c2c",,,,,,,,,,,,,,,"3852607575204350908","false",,"10","Michaela , stylistka pro ženy 50+, s plus size postavou","12507893661","stylovav50","clips","DV3Ni17CMu8","2026-03-14T11:20:00.000Z","Video","https://www.instagram.com/p/DV3Ni17CMu8/","https://scontent-ord5-3.cdninstagram.com/o1/v/t16/f2/m69/AQP5ePz0MhjXdYjugWvHjsAvf2Gjdb1PKJvuuej3qS6VHBsg8ZlPG4mKf6F7HG9K8Oau_LWPnsKncikWC0fW7IVD.mp4?strext=1&_nc_cat=110&_nc_sid=5e9851&_nc_ht=scontent-ord5-3.cdninstagram.com&_nc_ohc=vKJjaWVP330Q7kNvwGPCWLy&efg=eyJ2ZW5jb2RlX3RhZyI6Inhwdl9wcm9ncmVzc2l2ZS5JTlNUQUdSQU0uQ0xJUFMuQzMuNzIwLmRhc2hfYmFzZWxpbmVfMV92MSIsInhwdl9hc3NldF9pZCI6MTc4NTg4NDUxODI2MTc2ODcsImFzc2V0X2FnZV9kYXlzIjo1LCJ2aV91c2VjYXNlX2lkIjoxMDA5OSwiZHVyYXRpb25fcyI6MTcsInVybGdlbl9zb3VyY2UiOiJ3d3cifQ%3D%3D&ccb=17-1&vs=d5f3cad53b1411db&_nc_vs=HBksFQIYOnBhc3N0aHJvdWdoX2V2ZXJzdG9yZS9HSEVQc2liTjFpSFBQOEVDQUtMQkpzMXJqNFo1YnNwVEFRQUYVAALIARIAFQIYUWlnX3hwdl9wbGFjZW1lbnRfcGVybWFuZW50X3YyLzRBNDdGQThGRDQ1RjhDQTFGRTIxRUYyQUJFMDE1NzhGX2F1ZGlvX2Rhc2hpbml0Lm1wNBUCAsgBEgAoABgAGwKIB3VzZV9vaWwBMRJwcm9ncmVzc2l2ZV9yZWNpcGUBMRUAACauoauzzaG5PxUCKAJDMywXQDFMzMzMzM0YEmRhc2hfYmFzZWxpbmVfMV92MREAdf4HZeadAQA&_nc_gid=573N94W3Y2V8PZu_v70oYA&_nc_ss=7a30f&_nc_zt=28&oh=00_Afwf6B9v7ysSJTSNVjBkAFQ7OEh6qTTFt79nq_Qz6m_9CA&oe=69C314DE"
"Nebaví vás běhat po obchodech, ale zajímá vás co tam mají?
Udělám to za Vás… :) 
Zajímají vás i jiné obchody? Napište které, ráda natočím…","3","1136","640","https://scontent-ord5-3.cdninstagram.com/v/t51.71878-15/649226004_2452484531852361_8958439101550979490_n.jpg?stp=dst-jpg_e15_tt6&_nc_ht=scontent-ord5-3.cdninstagram.com&_nc_cat=109&_nc_oc=Q6cZ2gEwXZ8cvmHozR-eMwIbtUv2wtYA-gY7Fv3Kd8t2r0wcv2GdQ8-mRzG2-WN0iT0WzjI&_nc_ohc=p6BB2KWM8VEQ7kNvwHLmrPB&_nc_gid=573N94W3Y2V8PZu_v70oYA&edm=APU89FABAAAA&ccb=7-5&oh=00_AfwJGJr2lZl9-7wrXYKUnM80B-HBUN-1XcFURo2lDcbycg&oe=69C311C5&_nc_sid=bc0c2c",,,,,,,,,,,,,,,"3850478379837434868","false",,"6","Michaela , stylistka pro ženy 50+, s plus size postavou","12507893661","stylovav50","clips","DVvpa-NiCv0","2026-03-11T12:45:59.000Z","Video","https://www.instagram.com/p/DVvpa-NiCv0/","https://scontent-ord5-2.cdninstagram.com/o1/v/t16/f2/m69/AQNmcuYyZV4zIDrl4CLtGF9gz0uXIZ8oEK5TETTcVXe_Bj30ARK8WsxphegxZaY1DfrCz9KXJ3aJjE-oC4owvEAu.mp4?strext=1&_nc_cat=102&_nc_sid=5e9851&_nc_ht=scontent-ord5-2.cdninstagram.com&_nc_ohc=uwmkG8Pv-TQQ7kNvwETde04&efg=eyJ2ZW5jb2RlX3RhZyI6Inhwdl9wcm9ncmVzc2l2ZS5JTlNUQUdSQU0uQ0xJUFMuQzMuNzIwLmRhc2hfYmFzZWxpbmVfMV92MSIsInhwdl9hc3NldF9pZCI6MTc4NTg0MjUyMDM2MTc2ODcsImFzc2V0X2FnZV9kYXlzIjo4LCJ2aV91c2VjYXNlX2lkIjoxMDA5OSwiZHVyYXRpb25fcyI6NDEsInVybGdlbl9zb3VyY2UiOiJ3d3cifQ%3D%3D&ccb=17-1&vs=a4abac7356caa23d&_nc_vs=HBksFQIYOnBhc3N0aHJvdWdoX2V2ZXJzdG9yZS9HRndTd2lhX01KYU56RjhGQURXOHZSY25IZ1FJYnNwVEFRQUYVAALIARIAFQIYUWlnX3hwdl9wbGFjZW1lbnRfcGVybWFuZW50X3YyLzBDNERGRDE1MTNCNzM5QTY0QTUwOEExREQ0MTIwOUI2X2F1ZGlvX2Rhc2hpbml0Lm1wNBUCAsgBEgAoABgAGwKIB3VzZV9vaWwBMRJwcm9ncmVzc2l2ZV9yZWNpcGUBMRUAACauvpOolIm5PxUCKAJDMywXQETIcrAgxJwYEmRhc2hfYmFzZWxpbmVfMV92MREAdf4HZeadAQA&_nc_gid=573N94W3Y2V8PZu_v70oYA&_nc_ss=7a30f&_nc_zt=28&oh=00_AfycHNInmiNKAjceBkNvvAZj7YZJMk7WKbJ4c1Yz3dhBDw&oe=69C3156A"
"Říkáte si někdy, že něco nemůžete nosit? 
Není nic co nemůžete.. 
Je jen potřeba vědět, jaké střihy a délky použít..
Ve videu velikost 38 vs. 44 ..

Co vy na to?","3","1136","640","https://scontent-ord5-2.cdninstagram.com/v/t51.71878-15/650415986_1812809162732762_4799231948959990746_n.jpg?stp=dst-jpg_e15_tt6&_nc_ht=scontent-ord5-2.cdninstagram.com&_nc_cat=102&_nc_oc=Q6cZ2gEwXZ8cvmHozR-eMwIbtUv2wtYA-gY7Fv3Kd8t2r0wcv2GdQ8-mRzG2-WN0iT0WzjI&_nc_ohc=aAB1-43AKIwQ7kNvwHzuOwz&_nc_gid=573N94W3Y2V8PZu_v70oYA&edm=APU89FABAAAA&ccb=7-5&oh=00_AfwnrZ85ddea7BaGK0vSLwvmkLWedaRzyOiLVv3YldBiIA&oe=69C30A04&_nc_sid=bc0c2c",,,,,,,,,,,,,,,"3849293975899366424","false",,"11","Michaela , stylistka pro ženy 50+, s plus size postavou","12507893661","stylovav50","clips","DVrcHoFiGQY","2026-03-09T21:30:57.000Z","Video","https://www.instagram.com/p/DVrcHoFiGQY/","https://scontent-ord5-3.cdninstagram.com/o1/v/t16/f2/m69/AQNqzvAbwexijGN62qmh2z1E5NnE7KYV8h48P0Uj0z55jMljRj_d-9anJ0HPNUOgU-_zJ5zUW7xfWc8uQ4onpWdY.mp4?strext=1&_nc_cat=100&_nc_sid=5e9851&_nc_ht=scontent-ord5-3.cdninstagram.com&_nc_ohc=hCuMjX_51Q4Q7kNvwHs33nL&efg=eyJ2ZW5jb2RlX3RhZyI6Inhwdl9wcm9ncmVzc2l2ZS5JTlNUQUdSQU0uQ0xJUFMuQzMuNzIwLmRhc2hfYmFzZWxpbmVfMV92MSIsInhwdl9hc3NldF9pZCI6MTc4NTgyMTYyOTI2MTc2ODcsImFzc2V0X2FnZV9kYXlzIjoxMCwidmlfdXNlY2FzZV9pZCI6MTAwOTksImR1cmF0aW9uX3MiOjI2LCJ1cmxnZW5fc291cmNlIjoid3d3In0%3D&ccb=17-1&vs=2b3f99cf6557dfb&_nc_vs=HBksFQIYOnBhc3N0aHJvdWdoX2V2ZXJzdG9yZS9HRzZmaFNZdGFBUl9yVFlGQU5tcXkxUV9MRUllYnNwVEFRQUYVAALIARIAFQIYUWlnX3hwdl9wbGFjZW1lbnRfcGVybWFuZW50X3YyLzkxNEI2REVGNEUyNTAwNTNGNTRFNzkxQkY5ODExN0JGX2F1ZGlvX2Rhc2hpbml0Lm1wNBUCAsgBEgAoABgAGwKIB3VzZV9vaWwBMRJwcm9ncmVzc2l2ZV9yZWNpcGUBMRUAACaut4zn__y4PxUCKAJDMywXQDr3S8an754YEmRhc2hfYmFzZWxpbmVfMV92MREAdf4HZeadAQA&_nc_gid=573N94W3Y2V8PZu_v70oYA&_nc_ss=7a30f&_nc_zt=28&oh=00_Afy6xvh_J9OVgBpsATpu6BHQPpzWSIiu9Wp4Hgk4ePzGCw&oe=69C3149C"
"Každá žena si zaslouží cítit se krásně.
Nejen dnes.
Ale každý den…","1","1136","640","https://scontent-ord5-2.cdninstagram.com/v/t51.71878-15/649520815_2171990090297321_1491484731680381121_n.jpg?stp=dst-jpg_e15_tt6&_nc_ht=scontent-ord5-2.cdninstagram.com&_nc_cat=105&_nc_oc=Q6cZ2gEwXZ8cvmHozR-eMwIbtUv2wtYA-gY7Fv3Kd8t2r0wcv2GdQ8-mRzG2-WN0iT0WzjI&_nc_ohc=In1gclAoxQEQ7kNvwHuLIfu&_nc_gid=573N94W3Y2V8PZu_v70oYA&edm=APU89FABAAAA&ccb=7-5&oh=00_Afw_FqBSvGQXUCM7RQjQklkPj1NkoZgxgWw_xIbIBUBRJQ&oe=69C30336&_nc_sid=bc0c2c",,,,,,,,,,,,,,,"3848223514834787626","false",,"3","Michaela , stylistka pro ženy 50+, s plus size postavou","12507893661","stylovav50","clips","DVnouXiCF0q","2026-03-08T10:00:53.000Z","Video","https://www.instagram.com/p/DVnouXiCF0q/","https://scontent-ord5-1.cdninstagram.com/o1/v/t16/f2/m69/AQPgOiFyZhttRrxxUi8vT_nyw3YBpDXKqR-4-VY78_YkfgDbUzhfxqgTr_vh24-OY2Nrlb_H9Z9HgS1BazbShBqO.mp4?strext=1&_nc_cat=108&_nc_sid=5e9851&_nc_ht=scontent-ord5-1.cdninstagram.com&_nc_ohc=jd-IUpKxFJQQ7kNvwEYTuze&efg=eyJ2ZW5jb2RlX3RhZyI6Inhwdl9wcm9ncmVzc2l2ZS5JTlNUQUdSQU0uQ0xJUFMuQzMuNzIwLmRhc2hfYmFzZWxpbmVfMV92MSIsInhwdl9hc3NldF9pZCI6MTc4NTc5ODM3Njg2MTc2ODcsImFzc2V0X2FnZV9kYXlzIjoxMiwidmlfdXNlY2FzZV9pZCI6MTAwOTksImR1cmF0aW9uX3MiOjQsInVybGdlbl9zb3VyY2UiOiJ3d3cifQ%3D%3D&ccb=17-1&vs=ee86cabe3c72c6da&_nc_vs=HBksFQIYOnBhc3N0aHJvdWdoX2V2ZXJzdG9yZS9HRU9ob3liQlJ6M1VZamdEQUpyNDA4SVRreGd1YnNwVEFRQUYVAALIARIAFQIYUWlnX3hwdl9wbGFjZW1lbnRfcGVybWFuZW50X3YyLzQyNDRDNDVBN0EyMzI3MkY5REIxQzMyNzc5NzMzQkI3X2F1ZGlvX2Rhc2hpbml0Lm1wNBUCAsgBEgAoABgAGwKIB3VzZV9vaWwBMRJwcm9ncmVzc2l2ZV9yZWNpcGUBMRUAACaui_euu--4PxUCKAJDMywXQBAAAAAAAAAYEmRhc2hfYmFzZWxpbmVfMV92MREAdf4HZeadAQA&_nc_gid=573N94W3Y2V8PZu_v70oYA&_nc_ss=7a30f&_nc_zt=28&oh=00_AfyOKCBKSsa1_YjcmeIqOxNHi1SXoJLx6VsFozUsiMsTRA&oe=69C310FC"
"Stylistka není luxus..
Kolikrát si stála před skříni a neměla nic na sebe?
Pomáhám ženám, kterým už není xxcet, s minimálním šatníkem získat maximální styl..
Chceš vědět víc? Napiš do komentáře STYL","2","1136","640","https://scontent-ord5-1.cdninstagram.com/v/t51.71878-15/640921736_866067153133981_5321844813460370086_n.jpg?stp=dst-jpg_e15_tt6&_nc_ht=scontent-ord5-1.cdninstagram.com&_nc_cat=101&_nc_oc=Q6cZ2gEwXZ8cvmHozR-eMwIbtUv2wtYA-gY7Fv3Kd8t2r0wcv2GdQ8-mRzG2-WN0iT0WzjI&_nc_ohc=ainXuQiGq4EQ7kNvwE0lumX&_nc_gid=573N94W3Y2V8PZu_v70oYA&edm=APU89FABAAAA&ccb=7-5&oh=00_Afx9WNBMyn7YtcGXY4HUHLV6hqvamUm8Rir4-lfFOifC9Q&oe=69C3092A&_nc_sid=bc0c2c",,,,,,,,,,,,,,,"3842650651314618406","false",,"3","Michaela , stylistka pro ženy 50+, s plus size postavou","12507893661","stylovav50","clips","DVT1mh7iAAm","2026-02-28T17:32:28.000Z","Video","https://www.instagram.com/p/DVT1mh7iAAm/","https://scontent-ord5-3.cdninstagram.com/o1/v/t16/f2/m69/AQOrkecL9lA7FU4VS5a6GmoUGrHXUYGQz77es1FUfixOnfk1aSlJoJCzWt-WL8f9TABBDjLA8AUh83cVXfT8dxxO.mp4?strext=1&_nc_cat=100&_nc_sid=5e9851&_nc_ht=scontent-ord5-3.cdninstagram.com&_nc_ohc=6woAdUHRmQkQ7kNvwHk_FtL&efg=eyJ2ZW5jb2RlX3RhZyI6Inhwdl9wcm9ncmVzc2l2ZS5JTlNUQUdSQU0uQ0xJUFMuQzMuNzIwLmRhc2hfYmFzZWxpbmVfMV92MSIsInhwdl9hc3NldF9pZCI6MTc4NTY4ODk3NDA2MTc2ODcsImFzc2V0X2FnZV9kYXlzIjoxOSwidmlfdXNlY2FzZV9pZCI6MTAwOTksImR1cmF0aW9uX3MiOjMsInVybGdlbl9zb3VyY2UiOiJ3d3cifQ%3D%3D&ccb=17-1&vs=66683a9c3bf1aaf7&_nc_vs=HBksFQIYOnBhc3N0aHJvdWdoX2V2ZXJzdG9yZS9HRnBmWVNaVUZya0NDelFGQUxVdXZxZmNMSTloYnNwVEFRQUYVAALIARIAFQIYUWlnX3hwdl9wbGFjZW1lbnRfcGVybWFuZW50X3YyLzAyNEY1NEFFQkRFODg5NkE2RjkzQUU3NThGODBERDk5X2F1ZGlvX2Rhc2hpbml0Lm1wNBUCAsgBEgAoABgAGwKIB3VzZV9vaWwBMRJwcm9ncmVzc2l2ZV9yZWNpcGUBMRUAACaun8Oc5K-4PxUCKAJDMywXQAgAAAAAAAAYEmRhc2hfYmFzZWxpbmVfMV92MREAdf4HZeadAQA&_nc_gid=573N94W3Y2V8PZu_v70oYA&_nc_ss=7a30f&_nc_zt=28&oh=00_AfwC0oC41GRf0crrfyS3ZmlrL_JlS6uDisVuj2oFCb4SVg&oe=69C2DF18"
"Jedna sukně, dva způsoby nošení.. který je ten váš?
Sportovní nebo elegantní ?
 
#elegance #stylova #sukne","1","1136","640","https://scontent-ord5-2.cdninstagram.com/v/t51.71878-15/639886051_905031815864764_4268093546477157293_n.jpg?stp=dst-jpg_e15_tt6&_nc_ht=scontent-ord5-2.cdninstagram.com&_nc_cat=104&_nc_oc=Q6cZ2gEwXZ8cvmHozR-eMwIbtUv2wtYA-gY7Fv3Kd8t2r0wcv2GdQ8-mRzG2-WN0iT0WzjI&_nc_ohc=yieQgFsKYswQ7kNvwFk68Xq&_nc_gid=573N94W3Y2V8PZu_v70oYA&edm=APU89FABAAAA&ccb=7-5&oh=00_Afzh5RtBa-c4AFvXcN2L8aqBwI5mw7cLCr0RvO0djYbpkg&oe=69C2F572&_nc_sid=bc0c2c","elegance","stylova","sukne",,,,,,,,,,,,"3839815284270071457","false",,"3","Michaela , stylistka pro ženy 50+, s plus size postavou","12507893661","stylovav50","clips","DVJw6gmCH6h","2026-02-24T19:37:33.000Z","Video","https://www.instagram.com/p/DVJw6gmCH6h/","https://scontent-ord5-2.cdninstagram.com/o1/v/t16/f2/m69/AQNoZNbpliB04RMTR-rZ-xPERmFG_KwN9yPmtpxIujQbQjCd-C-eqzQHSFjg_mxxZkIWbvGiQBu4EzWzuMzHROPu.mp4?strext=1&_nc_cat=102&_nc_sid=5e9851&_nc_ht=scontent-ord5-2.cdninstagram.com&_nc_ohc=WK5JXRXIpzUQ7kNvwF0Dns6&efg=eyJ2ZW5jb2RlX3RhZyI6Inhwdl9wcm9ncmVzc2l2ZS5JTlNUQUdSQU0uQ0xJUFMuQzMuNzIwLmRhc2hfYmFzZWxpbmVfMV92MSIsInhwdl9hc3NldF9pZCI6MTc4NTYzNDE4Mzg2MTc2ODcsImFzc2V0X2FnZV9kYXlzIjoyMywidmlfdXNlY2FzZV9pZCI6MTAwOTksImR1cmF0aW9uX3MiOjYsInVybGdlbl9zb3VyY2UiOiJ3d3cifQ%3D%3D&ccb=17-1&vs=bd87a183180460d7&_nc_vs=HBksFQIYOnBhc3N0aHJvdWdoX2V2ZXJzdG9yZS9HQ0FUS3lZT2RSVGZWaDBIQURqNFBuVnlvMEFzYnNwVEFRQUYVAALIARIAFQIYUWlnX3hwdl9wbGFjZW1lbnRfcGVybWFuZW50X3YyL0Y1NEY2QjA3ODAxODc3QTlDQTc1Njc1QzkxRTQ4NkIzX2F1ZGlvX2Rhc2hpbml0Lm1wNBUCAsgBEgAoABgAGwKIB3VzZV9vaWwBMRJwcm9ncmVzc2l2ZV9yZWNpcGUBMRUAACau8bqE8o-4PxUCKAJDMywXQBgAAAAAAAAYEmRhc2hfYmFzZWxpbmVfMV92MREAdf4HZeadAQA&_nc_gid=573N94W3Y2V8PZu_v70oYA&_nc_ss=7a30f&_nc_zt=28&oh=00_AfzxTupSSv8xQnyInKmhybgqwagWxBAXNvQdh18lGdjscw&oe=69C30416"
"","0","1350","1080","https://scontent-iad3-1.cdninstagram.com/v/t51.82787-15/640297922_18160501984421662_7557159132432462913_n.jpg?stp=dst-jpg_e15_fr_p1080x1080_tt6&_nc_ht=scontent-iad3-1.cdninstagram.com&_nc_cat=110&_nc_oc=Q6cZ2gFgEYwM3PRhNvXv8GdaOD5EHm4T86bKG6P6CGe46-ddFk0YzcbXOYe4QBhououKXDU&_nc_ohc=Jjcrca3JXvYQ7kNvwG5tzGt&_nc_gid=GbkB3PpISa7OZGS7hrPNxw&edm=APU89FABAAAA&ccb=7-5&oh=00_AfzaD_KrsgIeuUD__u29Q5pevEO4WLJwABFg41tR0UfePA&oe=69C2FFF9&_nc_sid=bc0c2c",,,,,,,,,,,,,,,"3838335416135121877","false",,"7","Michaela , stylistka pro ženy 50+, s plus size postavou","12507893661","stylovav50",,"DVEgbl_iPvV","2026-02-22T18:34:19.000Z","Sidecar","https://www.instagram.com/p/DVEgbl_iPvV/",
"… já vám ukážu, co vám opravdu sluší – bez diet, bez výmluv, bez frustrace.. a výsledkem bude víc než jen ušetřené peníze.. pokud se Tě to taky týká, neboj se a napiš!","0","1136","640","https://scontent-iad3-1.cdninstagram.com/v/t51.71878-15/640466258_1214455184132794_3084138045129874400_n.jpg?stp=dst-jpg_e15_tt6&_nc_ht=scontent-iad3-1.cdninstagram.com&_nc_cat=110&_nc_oc=Q6cZ2gFgEYwM3PRhNvXv8GdaOD5EHm4T86bKG6P6CGe46-ddFk0YzcbXOYe4QBhououKXDU&_nc_ohc=y7ts45D-4QAQ7kNvwE5-4bT&_nc_gid=GbkB3PpISa7OZGS7hrPNxw&edm=APU89FABAAAA&ccb=7-5&oh=00_AfyU6TrAsOsQPaNpOEjs_FEzGrd32yYk46URhBcwRjXMgg&oe=69C2FB42&_nc_sid=bc0c2c",,,,,,,,,,,,,,,"3837625257242930835","false",,"7","Michaela , stylistka pro ženy 50+, s plus size postavou","12507893661","stylovav50","clips","DVB-9a_CC6T","2026-02-21T19:11:21.000Z","Video","https://www.instagram.com/p/DVB-9a_CC6T/","https://scontent-iad3-2.cdninstagram.com/o1/v/t16/f2/m69/AQPFspyZNEmY04MIBwvGpKYcS1nbRJfVwsbseYSrOqS4OipWtjlxttbLjjSHiocd0kqlgRBt074v9FCD86AN7C1_.mp4?strext=1&_nc_cat=106&_nc_sid=5e9851&_nc_ht=scontent-iad3-2.cdninstagram.com&_nc_ohc=JiXobFLN3G0Q7kNvwEGuRyW&efg=eyJ2ZW5jb2RlX3RhZyI6Inhwdl9wcm9ncmVzc2l2ZS5JTlNUQUdSQU0uQ0xJUFMuQzMuNzIwLmRhc2hfYmFzZWxpbmVfMV92MSIsInhwdl9hc3NldF9pZCI6MTc4NTU5NjI3NDk2MTc2ODcsImFzc2V0X2FnZV9kYXlzIjoyNiwidmlfdXNlY2FzZV9pZCI6MTAwOTksImR1cmF0aW9uX3MiOjMsInVybGdlbl9zb3VyY2UiOiJ3d3cifQ%3D%3D&ccb=17-1&vs=bc14cf746e73986a&_nc_vs=HBksFQIYOnBhc3N0aHJvdWdoX2V2ZXJzdG9yZS9HTUpLMVNWeWZvOE5udU1GQUtyOG5kS1Q2TEI3YnNwVEFRQUYVAALIARIAFQIYUWlnX3hwdl9wbGFjZW1lbnRfcGVybWFuZW50X3YyL0RCNEM5M0YwRUQ0Njg1MjM1RjU3MTZBRjQ4MDREREJFX2F1ZGlvX2Rhc2hpbml0Lm1wNBUCAsgBEgAoABgAGwKIB3VzZV9vaWwBMRJwcm9ncmVzc2l2ZV9yZWNpcGUBMRUAACaumILN6fm3PxUCKAJDMywXQAhDlYEGJN0YEmRhc2hfYmFzZWxpbmVfMV92MREAdf4HZeadAQA&_nc_gid=GbkB3PpISa7OZGS7hrPNxw&_nc_ss=7a30f&_nc_zt=28&oh=00_AfxSJpy-6u-4ARDANmAuEse0SBtfFG6jOoKXDRoiEez4bA&oe=69C2F54A"
"Proč je fajn mít stylistiku..
Souhlasíš?","1","1920","1080","https://scontent-iad3-1.cdninstagram.com/v/t51.82787-15/631838837_18159951400421662_5133036002616515278_n.jpg?stp=dst-jpg_e15_tt6&_nc_ht=scontent-iad3-1.cdninstagram.com&_nc_cat=110&_nc_oc=Q6cZ2gFgEYwM3PRhNvXv8GdaOD5EHm4T86bKG6P6CGe46-ddFk0YzcbXOYe4QBhououKXDU&_nc_ohc=wuQk1N4T0eAQ7kNvwHQe5_Z&_nc_gid=GbkB3PpISa7OZGS7hrPNxw&edm=APU89FABAAAA&ccb=7-5&oh=00_AfwWC_7t6F9c8uJbjvPSzZHGeyyfGhBFkUK3BNmM2XgoMg&oe=69C2E9A4&_nc_sid=bc0c2c",,,,,,,,,,,,,,,"3833984016005527941","false",,"9","Michaela , stylistka pro ženy 50+, s plus size postavou","12507893661","stylovav50","clips","DU1DCY0iPmF","2026-02-16T18:30:36.000Z","Video","https://www.instagram.com/p/DU1DCY0iPmF/","https://scontent-iad3-2.cdninstagram.com/o1/v/t16/f2/m69/AQOXUx3qeb9PuXkTen1JmamTJNEDv_jrl9sOkiNBV89NrlJmVsquDP5ym-AHicIDoY5QSCkiJQcrWaYwx0HfZvpe.mp4?strext=1&_nc_cat=103&_nc_sid=5e9851&_nc_ht=scontent-iad3-2.cdninstagram.com&_nc_ohc=RgRd__uychUQ7kNvwHiovDL&efg=eyJ2ZW5jb2RlX3RhZyI6Inhwdl9wcm9ncmVzc2l2ZS5JTlNUQUdSQU0uQ0xJUFMuQzMuNzIwLmRhc2hfYmFzZWxpbmVfMV92MSIsInhwdl9hc3NldF9pZCI6MTc4NTUzNDA3NDE2MTc2ODcsImFzc2V0X2FnZV9kYXlzIjozMSwidmlfdXNlY2FzZV9pZCI6MTAwOTksImR1cmF0aW9uX3MiOjEwOCwidXJsZ2VuX3NvdXJjZSI6Ind3dyJ9&ccb=17-1&vs=248b39564647dfc9&_nc_vs=HBksFQIYOnBhc3N0aHJvdWdoX2V2ZXJzdG9yZS9HQ1RoLWlYYVowdWtkU1FIQUVzYXVlXy0zbU5JYnNwVEFRQUYVAALIARIAFQIYUWlnX3hwdl9wbGFjZW1lbnRfcGVybWFuZW50X3YyLzdFNEVEMDA3RkU0QzE2NTYwRTJBMEQ4MTI4QTYxOEJBX2F1ZGlvX2Rhc2hpbml0Lm1wNBUCAsgBEgAoABgAGwKIB3VzZV9vaWwBMRJwcm9ncmVzc2l2ZV9yZWNpcGUBMRUAACauoPujz9W3PxUCKAJDMywXQFsIgxJul40YEmRhc2hfYmFzZWxpbmVfMV92MREAdf4HZeadAQA&_nc_gid=GbkB3PpISa7OZGS7hrPNxw&_nc_ss=7a30f&_nc_zt=28&oh=00_Afw5caa2dOwsg9_2OAJDJiKoc9jh9rDBLZTxvE9gCcG6mg&oe=69C30481"
"I s malým rozpočtem můžeme být krásné a stylové 🩷","0","1350","1080","https://scontent-iad3-1.cdninstagram.com/v/t51.82787-15/631826951_18159716404421662_590303594171609940_n.jpg?stp=dst-jpg_e15_fr_p1080x1080_tt6&_nc_ht=scontent-iad3-1.cdninstagram.com&_nc_cat=110&_nc_oc=Q6cZ2gFgEYwM3PRhNvXv8GdaOD5EHm4T86bKG6P6CGe46-ddFk0YzcbXOYe4QBhououKXDU&_nc_ohc=fhiuhGB2uvsQ7kNvwEPf397&_nc_gid=GbkB3PpISa7OZGS7hrPNxw&edm=APU89FABAAAA&ccb=7-5&oh=00_AfzVTp1ec7R739r-lPaedeFycQcsF1S-EEIwhY7lQVZR5w&oe=69C2E1E8&_nc_sid=bc0c2c",,,,,,,,,,,,,,,"3832407949268547590","false",,"5","Michaela , stylistka pro ženy 50+, s plus size postavou","12507893661","stylovav50",,"DUvcrmSiPgG","2026-02-14T14:17:30.000Z","Sidecar","https://www.instagram.com/p/DUvcrmSiPgG/",
"Oblečení dokáže ovlivnit náladu…. Mysli na to, když stojíš před skříní…

Kostým je z nové kolekce Zara a má skvělé zpracovaní.. pokud něco takového hledáš, můžu jen doporučit..

#elegantwomen #elegantwomanstyle #chicstyle50","0","1350","1080","https://scontent-iad3-1.cdninstagram.com/v/t51.82787-15/626262371_18159545068421662_8140118549560478318_n.jpg?stp=dst-jpg_e15_fr_p1080x1080_tt6&_nc_ht=scontent-iad3-1.cdninstagram.com&_nc_cat=110&_nc_oc=Q6cZ2gFgEYwM3PRhNvXv8GdaOD5EHm4T86bKG6P6CGe46-ddFk0YzcbXOYe4QBhououKXDU&_nc_ohc=fS6MjShF6_0Q7kNvwE5WTYa&_nc_gid=GbkB3PpISa7OZGS7hrPNxw&edm=APU89FABAAAA&ccb=7-5&oh=00_AfzDDWMDUQbtGH6bLGsbk5tmuIOsZmPgc040XfjsN3OPJQ&oe=69C30446&_nc_sid=bc0c2c","elegantwomen","elegantwomanstyle","chicstyle50",,,,,,,,,,,,"3831078024641015374","false",,"6","Michaela , stylistka pro ženy 50+, s plus size postavou","12507893661","stylovav50",,"DUquSpdiG5O","2026-02-12T18:15:11.000Z","Sidecar","https://www.instagram.com/p/DUquSpdiG5O/",
"Jaké džíny si vybrat? Jsou to boyfriend, flare, slim, bootcut nebo wide leg?
Nevíte si rady, napište.. spolu určitě vybereme ty správné.. 😎","0","1350","1080","https://scontent-iad3-1.cdninstagram.com/v/t51.82787-15/625873460_18158627236421662_629119340152215609_n.jpg?stp=dst-jpg_e15_fr_p1080x1080_tt6&_nc_ht=scontent-iad3-1.cdninstagram.com&_nc_cat=110&_nc_oc=Q6cZ2gFgEYwM3PRhNvXv8GdaOD5EHm4T86bKG6P6CGe46-ddFk0YzcbXOYe4QBhououKXDU&_nc_ohc=gZ-ZKeNurjAQ7kNvwGmG6V3&_nc_gid=GbkB3PpISa7OZGS7hrPNxw&edm=APU89FABAAAA&ccb=7-5&oh=00_Afwj9J0QaWPESmJcWCf3mt7drTDJIiRptKl05zlLYw-daw&oe=69C2F866&_nc_sid=bc0c2c",,,,,,,,,,,,,,,"3823595688353654782","false",,"6","Michaela , stylistka pro ženy 50+, s plus size postavou","12507893661","stylovav50",,"DUQJAUxCOf-","2026-02-02T10:29:07.000Z","Sidecar","https://www.instagram.com/p/DUQJAUxCOf-/",
"#vyprodeje #moda #zakladnikouseksatniku #kvalitnimaterialy","0","1350","1080","https://scontent-iad3-1.cdninstagram.com/v/t51.82787-15/625844862_18158342230421662_3067753325240471673_n.jpg?stp=dst-jpg_e15_fr_p1080x1080_tt6&_nc_ht=scontent-iad3-1.cdninstagram.com&_nc_cat=110&_nc_oc=Q6cZ2gFgEYwM3PRhNvXv8GdaOD5EHm4T86bKG6P6CGe46-ddFk0YzcbXOYe4QBhououKXDU&_nc_ohc=4YihX3WTz5YQ7kNvwEEN5nt&_nc_gid=GbkB3PpISa7OZGS7hrPNxw&edm=APU89FABAAAA&ccb=7-5&oh=00_AfzJVNFfK5YRKhsY2AWWjBjm58DsrNDhwQDGGD5O1muFYw&oe=69C3144C&_nc_sid=bc0c2c","vyprodeje","moda","zakladnikouseksatniku","kvalitnimaterialy",,,,,,,,,,,"3821689093893944335","false",,"6","Michaela , stylistka pro ženy 50+, s plus size postavou","12507893661","stylovav50",,"DUJXfuTiHQP","2026-01-30T19:21:03.000Z","Sidecar","https://www.instagram.com/p/DUJXfuTiHQP/",
"Ve výprodejích se dělá nejvíc chyb… Kterou z nich děláš Ty?

Nekupuj trendy, které už letos končí.

Nekupuj střih, který ti „skoro“ sedí.

A hlavně nekupuj oblečení jen proto, že je levné.

Sleva není argument. Styl ano.","0","1349","1080","https://scontent-iad3-1.cdninstagram.com/v/t51.82787-15/618818047_18156894088421662_4189013502654771725_n.jpg?stp=dst-jpg_e35_p1080x1080_sh0.08_tt6&_nc_ht=scontent-iad3-1.cdninstagram.com&_nc_cat=110&_nc_oc=Q6cZ2gFgEYwM3PRhNvXv8GdaOD5EHm4T86bKG6P6CGe46-ddFk0YzcbXOYe4QBhououKXDU&_nc_ohc=6WjocUDyOVEQ7kNvwFeD75J&_nc_gid=GbkB3PpISa7OZGS7hrPNxw&edm=APU89FABAAAA&ccb=7-5&oh=00_AfyA-BROL19U3PJNgPUCRcW7O6u7l7WxiueifcHJxP3IZQ&oe=69C301E6&_nc_sid=bc0c2c",,,,,,,,,,,,,,,"3813004629831607117","false",,"5","Michaela , stylistka pro ženy 50+, s plus size postavou","12507893661","stylovav50",,"DTqg4I4CGNN","2026-01-18T19:46:34.000Z","Image","https://www.instagram.com/p/DTqg4I4CGNN/",
"Trendy letošní zimy…
Máte doma kabátek s umělé kožešiny ? Letos ho určitě vytáhněte ze skříně a použijte jak ke sportovnímu tak elegantnímu outfitu.. doporučuju sety od @hihi.cze které jsou nejen pohodlné, ale skvěle vypadají..
Balaclava.. ne všechny kabátky a vesty disponují kapucí.. balaclava ji nahradí a zahřeje.. pokud nenosíte čepice, tak toto je skvělá volba..
Broušená kůže je trendem již delší dobu.. elegantní sako, kabelka nebo kozačky..zkuste hladkou kůži nahradit tou broušenou..
Na tuto sezónu se vrátil rolák.. využijte ho k vrstvení pod košili nebo pod sako a taky využijte veselejší barvy, ať zima není jen šedá 🤗","2","1440","1080","https://scontent-iad3-1.cdninstagram.com/v/t51.82787-15/610575854_18155616154421662_8761810729650503529_n.jpg?stp=dst-jpg_e15_fr_p1080x1080_tt6&_nc_ht=scontent-iad3-1.cdninstagram.com&_nc_cat=110&_nc_oc=Q6cZ2gFgEYwM3PRhNvXv8GdaOD5EHm4T86bKG6P6CGe46-ddFk0YzcbXOYe4QBhououKXDU&_nc_ohc=iNCSWNZmf7EQ7kNvwEAao3a&_nc_gid=GbkB3PpISa7OZGS7hrPNxw&edm=APU89FABAAAA&ccb=7-5&oh=00_AfzGFXQwbNsfY1nsK-BL_vxvjSaekHNWnaHYb2V-YB2O9g&oe=69C3021F&_nc_sid=bc0c2c",,,,,,,,,,,,,,,"3802152492906090647","false",,"6","Michaela , stylistka pro ženy 50+, s plus size postavou","12507893661","stylovav50",,"DTD9YwxiJCX","2026-01-03T20:25:19.000Z","Sidecar","https://www.instagram.com/p/DTD9YwxiJCX/",
"Kabát vs. bunda… kdy nosit ? A proč ?
Kabát vypadá vždy elegantně.. bunda sportovně.. Jaká chcete být ? A že by vám v kabátu byla zima ? Určitě ne, díky vrstvení.. chcete vědět jak ?
.
.
.
Jste tým kabát nebo bunda?","0","1350","1080","https://scontent-iad3-1.cdninstagram.com/v/t51.82787-15/610221435_18155401204421662_8927427280638484519_n.jpg?stp=dst-jpg_e15_fr_p1080x1080_tt6&_nc_ht=scontent-iad3-1.cdninstagram.com&_nc_cat=110&_nc_oc=Q6cZ2gFgEYwM3PRhNvXv8GdaOD5EHm4T86bKG6P6CGe46-ddFk0YzcbXOYe4QBhououKXDU&_nc_ohc=DklVIgr7MZ0Q7kNvwEm4ybq&_nc_gid=GbkB3PpISa7OZGS7hrPNxw&edm=APU89FABAAAA&ccb=7-5&oh=00_AfwkLqgnw4L4X9VvqgZDazbBped_3AJhfzvhZYGKIAqpAA&oe=69C30CC2&_nc_sid=bc0c2c",,,,,,,,,,,,,,,"3800476017358306141","false",,"5","Michaela , stylistka pro ženy 50+, s plus size postavou","12507893661","stylovav50",,"DS-AM1QCHtd","2026-01-01T12:54:27.000Z","Sidecar","https://www.instagram.com/p/DS-AM1QCHtd/",
"Krásný pohodový rok a budu se na vás všechny těšit… 😇","0","1350","1080","https://scontent-iad3-1.cdninstagram.com/v/t51.82787-15/608017266_18155297968421662_4903406891547073639_n.jpg?stp=dst-jpg_e35_p1080x1080_sh0.08_tt6&_nc_ht=scontent-iad3-1.cdninstagram.com&_nc_cat=110&_nc_oc=Q6cZ2gFgEYwM3PRhNvXv8GdaOD5EHm4T86bKG6P6CGe46-ddFk0YzcbXOYe4QBhououKXDU&_nc_ohc=mb3doiXFIQMQ7kNvwHHkvrf&_nc_gid=GbkB3PpISa7OZGS7hrPNxw&edm=APU89FABAAAA&ccb=7-5&oh=00_Afwi494zf1YwG7dP1H-FFHMxp8Cn4XU1Ka1_1078lJM0GQ&oe=69C2FD2D&_nc_sid=bc0c2c",,,,,,,,,,,,,,,"3799921661818997383","false",,"2","Michaela , stylistka pro ženy 50+, s plus size postavou","12507893661","stylovav50",,"DS8CJ5bCIqH","2025-12-31T18:33:03.000Z","Image","https://www.instagram.com/p/DS8CJ5bCIqH/",
"Módní tajemství: Jak najít svůj styl kolem padesátky 

Nejčastější módní chyba žen nejen kolem padesátky, je nakupování oblečení bez celkového stylistického konceptu. Styl není o počtu kusů oblečení v šatníku , ale o sebevědomí a schopnosti vyjádřit svou osobnost prostřednictvím oblečení. Našla ses v tom i Ty? Tak napiš…

#plussize #xl #plussizefashion #plnostihlamoda #plnostihla #size44 #fashion #moda #styling #stylistka","0","1136","640","https://scontent-iad3-1.cdninstagram.com/v/t51.71878-15/589606383_1262836549219304_6233361218736256055_n.jpg?stp=dst-jpg_e15_tt6&_nc_ht=scontent-iad3-1.cdninstagram.com&_nc_cat=108&_nc_oc=Q6cZ2gFgEYwM3PRhNvXv8GdaOD5EHm4T86bKG6P6CGe46-ddFk0YzcbXOYe4QBhououKXDU&_nc_ohc=nc4Rj3EMK5kQ7kNvwFbT_ii&_nc_gid=GbkB3PpISa7OZGS7hrPNxw&edm=APU89FABAAAA&ccb=7-5&oh=00_AfwHwco_ZyUdTUxiorhVxCTrxxIL8BNxhl1HNbgBL21HYw&oe=69C2F0CD&_nc_sid=bc0c2c","plussize","xl","plussizefashion","plnostihlamoda","plnostihla","size44","fashion","moda","styling","stylistka",,,,,"3778078698574979581","false",,"7","Michaela , stylistka pro ženy 50+, s plus size postavou","12507893661","stylovav50","clips","DRubo8qCCH9","2025-12-01T15:20:33.000Z","Video","https://www.instagram.com/p/DRubo8qCCH9/","https://scontent-iad3-1.cdninstagram.com/o1/v/t2/f2/m86/AQORHfxrFKQaV3YWIoCoGIUjor1IqJceaLsnv5PlgLKrV_VSX2N7UDIBDDUYYF46VJlxLYgDG7FfvnqRkytC5C3LoZ_mc5TXEs6vqcI.mp4?_nc_cat=101&_nc_sid=5e9851&_nc_ht=scontent-iad3-1.cdninstagram.com&_nc_ohc=XL-SFv1V5CcQ7kNvwHKIurF&efg=eyJ2ZW5jb2RlX3RhZyI6Inhwdl9wcm9ncmVzc2l2ZS5JTlNUQUdSQU0uQ0xJUFMuQzMuNzIwLmRhc2hfYmFzZWxpbmVfMV92MSIsInhwdl9hc3NldF9pZCI6MjEwOTk1NzcxMzA4MDg0OSwiYXNzZXRfYWdlX2RheXMiOjEwOCwidmlfdXNlY2FzZV9pZCI6MTAwOTksImR1cmF0aW9uX3MiOjUwLCJ1cmxnZW5fc291cmNlIjoid3d3In0%3D&ccb=17-1&vs=f53c646625411a27&_nc_vs=HBksFQIYUmlnX3hwdl9yZWVsc19wZXJtYW5lbnRfc3JfcHJvZC9GMzQ2NkI5Qjk5MDhERjhEODU2MkJGNDY0MjkyNzg5OF92aWRlb19kYXNoaW5pdC5tcDQVAALIARIAFQIYR2lnX3hwdl9yZWVsc19wZXJtYW5lbnRfc3JfcHJvZC8xMzQ0NzY0NDU2ODcxMTc3XzgxNTgzODI3MjAzMjE5NTAzNzgubXA0FQICyAESACgAGAAbAogHdXNlX29pbAExEnByb2dyZXNzaXZlX3JlY2lwZQExFQAAJqLI1f_Zv78HFQIoAkMzLBdASQAAAAAAABgSZGFzaF9iYXNlbGluZV8xX3YxEQB1_gdl5p0BAA&_nc_gid=GbkB3PpISa7OZGS7hrPNxw&_nc_ss=7a30f&_nc_zt=28&oh=00_AfzhBLfhd5_g5K-tElX8mA71nhoQ2izTMb2VvgcbPRFJ8g&oe=69BEEA16"
"Kombinace vínové a béžová je nestárnoucí kombinace ..jemnost a hloubka v jedné kombinaci..
Elegantní, ženské a nositelné pro každý den..
S
T
Y
L
N
E
M
Á
V
E
L
I
K
O
S
T

#fashionstyle #plussizefashion #plussize #plussizestyle #plussizewomen #plnostihlamoda #xl #size44 #bordo #barvy #kombinace #kombinacebarev #chicstyle50","0","1350","1080","https://scontent-ord5-3.cdninstagram.com/v/t51.82787-15/576366007_18148313305421662_9149166791690175602_n.jpg?stp=dst-jpg_e35_p1080x1080_sh0.08_tt6&_nc_ht=scontent-ord5-3.cdninstagram.com&_nc_cat=110&_nc_oc=Q6cZ2gHTSMdKTE8_s-JSEAozR_0kkStAX87OrqFKQrNvO1i28_KHUxi1HZQmB1zSweNVNXs&_nc_ohc=1YWOr6fp4xQQ7kNvwEErAB-&_nc_gid=4dRuC8rW5P59wBsEwqPlvQ&edm=APU89FABAAAA&ccb=7-5&oh=00_AfxH_hLDVwCwXGSpRlKcZoYQ5OLU_ZhYow2eIzart85FvQ&oe=69C2FE11&_nc_sid=bc0c2c","fashionstyle","plussizefashion","plussize","plussizestyle","plussizewomen","plnostihlamoda","xl","size44","bordo","barvy","kombinace","kombinacebarev","chicstyle50",,"3761622474799247870","false",,"2","Michaela , stylistka pro ženy 50+, s plus size postavou","12507893661","stylovav50",,"DQz97X9iPH-","2025-11-08T22:19:24.000Z","Image","https://www.instagram.com/p/DQz97X9iPH-/",
"✨Zralost není konec stylu.. je to jeho nejlepší kapitola ✨

Styl není o tom,co si můžeme dovolit.. ale co dovolíme samy sobě.. 
.. i kombinace nesourodých barev, může vypadat skvěle… Zajímalo by Vás, jak barvy podzimu kombinovat?

#autumnfashion🍁 #plussize #xl #plussizefashion #plnostihla #plnostihlamoda #size44 #fashion #moda #outfitdne #outfitoftheday","1","800","640","https://scontent-ord5-2.cdninstagram.com/v/t51.71878-15/572353647_2028793167869102_859741337670822969_n.jpg?stp=dst-jpg_e15_tt6&_nc_ht=scontent-ord5-2.cdninstagram.com&_nc_cat=102&_nc_oc=Q6cZ2gHTSMdKTE8_s-JSEAozR_0kkStAX87OrqFKQrNvO1i28_KHUxi1HZQmB1zSweNVNXs&_nc_ohc=6h_18BTm_Q8Q7kNvwFhf7XN&_nc_gid=4dRuC8rW5P59wBsEwqPlvQ&edm=APU89FABAAAA&ccb=7-5&oh=00_AfxhfnvH1VwprXuj_OLeBrYF-x9tr6YQt4TBl76RfH0DLQ&oe=69C30F08&_nc_sid=bc0c2c","autumnfashion🍁","plussize","xl","plussizefashion","plnostihla","plnostihlamoda","size44","fashion","moda","outfitdne","outfitoftheday",,,,"3758605532861606916","false",,"8","Michaela , stylistka pro ženy 50+, s plus size postavou","12507893661","stylovav50","clips","DQpP9F1CKwE","2025-11-04T18:35:56.000Z","Video","https://www.instagram.com/p/DQpP9F1CKwE/","https://scontent-ord5-2.cdninstagram.com/o1/v/t2/f2/m367/AQPsuPyYuHBlqv47kOpKNn_fLg1-ATbWLibgrInfNnYKQ9rxzqrxdFqpORH5Rj5HXyOnFAhqHSjFgOyatpEm9pLLmth0IPd9XTF-YIk.mp4?_nc_cat=104&_nc_sid=5e9851&_nc_ht=scontent-ord5-2.cdninstagram.com&_nc_ohc=XQOYGWwCuM8Q7kNvwH5DUm1&efg=eyJ2ZW5jb2RlX3RhZyI6Inhwdl9wcm9ncmVzc2l2ZS5JTlNUQUdSQU0uQ0xJUFMuQzMuNzIwLmRhc2hfYmFzZWxpbmVfMV92MSIsInhwdl9hc3NldF9pZCI6MTQ4MTYxNzEwMzA5Njc5MSwiYXNzZXRfYWdlX2RheXMiOjEzNSwidmlfdXNlY2FzZV9pZCI6MTAwOTksImR1cmF0aW9uX3MiOjQsInVybGdlbl9zb3VyY2UiOiJ3d3cifQ%3D%3D&ccb=17-1&vs=309fe792d1ab7a96&_nc_vs=HBksFQIYQGlnX2VwaGVtZXJhbC84OTQ4QTJDN0Q3NENBMzE2NDI1RDZGNDhCRDgwQkQ4Nl92aWRlb19kYXNoaW5pdC5tcDQVAALIARIAFQIYR2lnX3hwdl9yZWVsc19wZXJtYW5lbnRfc3JfcHJvZC8xMTc4MjE5MTk0MjkzMjk4XzQ4NzczMzkwNTEyMTQxNzYwOTcubXA0FQICyAESACgAGAAbAogHdXNlX29pbAExEnByb2dyZXNzaXZlX3JlY2lwZQExFQAAJq6v_NG74aEFFQIoAkMzLBdAEAAAAAAAABgSZGFzaF9iYXNlbGluZV8xX3YxEQB1_gdl5p0BAA&_nc_gid=4dRuC8rW5P59wBsEwqPlvQ&_nc_ss=7a30f&_nc_zt=28&oh=00_AfxeQSsT00cnRToxR5bAtdGuyFssdCwqKBOyeLykQEe26w&oe=69C2F169"
"Tak co vy a zvířecí vzory? Já je mám ráda.. hlavě ten leopardí🐆 

#plussize #plussizefashion #plussizefashion #plnostihla #plnostihlamoda #plnostihlazena #zvirecivzor #size44 #xl #autumnfashion🍁 #moda #fashion #outfitdne #outfitoftheday  #kozenabunda","3","1918","1080","https://scontent-ord5-3.cdninstagram.com/v/t51.82787-15/564183222_18147805492421662_2077117924688104109_n.jpg?stp=dst-jpg_e35_p1080x1080_sh0.08_tt6&_nc_ht=scontent-ord5-3.cdninstagram.com&_nc_cat=110&_nc_oc=Q6cZ2gHTSMdKTE8_s-JSEAozR_0kkStAX87OrqFKQrNvO1i28_KHUxi1HZQmB1zSweNVNXs&_nc_ohc=eXeaj2ie1zoQ7kNvwHibFRg&_nc_gid=4dRuC8rW5P59wBsEwqPlvQ&edm=APU89FABAAAA&ccb=7-5&oh=00_AfyCHbOBoS0azU3YGLdiEjzCz_DziUm3aqza3lbQOHacwg&oe=69C31518&_nc_sid=bc0c2c","plussize","plussizefashion","plnostihla","plnostihlamoda","plnostihlazena","zvirecivzor","size44","xl","autumnfashion🍁","moda","fashion","outfitdne","outfitoftheday","kozenabunda","3757957968981665896","false",,"10","Michaela , stylistka pro ženy 50+, s plus size postavou","12507893661","stylovav50","clips","DQm8ty-ACho","2025-11-03T21:03:05.000Z","Video","https://www.instagram.com/p/DQm8ty-ACho/","https://scontent-ord5-3.cdninstagram.com/o1/v/t2/f2/m86/AQMUXX6d0r7uYqESb_fNAo4-HvL_FLksJmGrgXQj14QFwCZbeThI2v_0wSkmax8rVR6RYMwk3g5ETTgSghv9Vewgbd_9CebXt_HhKYQ.mp4?_nc_cat=106&_nc_sid=5e9851&_nc_ht=scontent-ord5-3.cdninstagram.com&_nc_ohc=F38cWNqqLWEQ7kNvwHvPLEQ&efg=eyJ2ZW5jb2RlX3RhZyI6Inhwdl9wcm9ncmVzc2l2ZS5JTlNUQUdSQU0uQ0xJUFMuQzMuNzIwLmRhc2hfYmFzZWxpbmVfMV92MSIsInhwdl9hc3NldF9pZCI6Mjc3MDc0MTM1NjU5MDE4MiwiYXNzZXRfYWdlX2RheXMiOjEzNiwidmlfdXNlY2FzZV9pZCI6MTAwOTksImR1cmF0aW9uX3MiOjExLCJ1cmxnZW5fc291cmNlIjoid3d3In0%3D&ccb=17-1&vs=a8e1579473d97fea&_nc_vs=HBksFQIYUmlnX3hwdl9yZWVsc19wZXJtYW5lbnRfc3JfcHJvZC81MjRGQUUyNzQzNkRGODg5OTkwOTY1NTE4N0Q1RDU4MV92aWRlb19kYXNoaW5pdC5tcDQVAALIARIAFQIYRmlnX3hwdl9yZWVsc19wZXJtYW5lbnRfc3JfcHJvZC84MzA3NzAyNTMyMDk2MjhfMTA2NTA1NTI4NTUzNzI3MjcyOC5tcDQVAgLIARIAKAAYABsCiAd1c2Vfb2lsATEScHJvZ3Jlc3NpdmVfcmVjaXBlATEVAAAmzNGX5a_-6wkVAigCQzMsF0Am7peNT987GBJkYXNoX2Jhc2VsaW5lXzFfdjERAHX-B2XmnQEA&_nc_gid=4dRuC8rW5P59wBsEwqPlvQ&_nc_ss=7a30f&_nc_zt=28&oh=00_Afy-JAt4mDAJSnq5TXjf8XPU0jQAvPjaFpITHgPFav-ysQ&oe=69BEF7AF"
"Pokud jste rádi v teple, tento svetřík z @ca můžu jen doporučit. Je směsí vlny a kašmíru, je neuvěřitelně teplý a zároveň stylový.. takže pokud na něj narazíte, neváhejte.. příště vám připravím outfity, jak jej nosit..

#ca #plussize #plussizefashion #plussizewoman #size44 #velikost44 #plnostihla #plnostihlamoda #xl #chicstyle50 #wool #cashmere","0","1440","1080","https://scontent-ord5-3.cdninstagram.com/v/t51.82787-15/572490053_18147719356421662_8690048181710666788_n.jpg?stp=dst-jpg_e35_p1080x1080_sh0.08_tt6&_nc_ht=scontent-ord5-3.cdninstagram.com&_nc_cat=110&_nc_oc=Q6cZ2gHTSMdKTE8_s-JSEAozR_0kkStAX87OrqFKQrNvO1i28_KHUxi1HZQmB1zSweNVNXs&_nc_ohc=gBpya9cq23cQ7kNvwHQ_fOZ&_nc_gid=4dRuC8rW5P59wBsEwqPlvQ&edm=APU89FABAAAA&ccb=7-5&oh=00_AfwwWnekbUQVYgZiD4Oiq34QO4-mwo4LPylPGNJizzDYpw&oe=69C2F29C&_nc_sid=bc0c2c","ca","plussize","plussizefashion","plussizewoman","size44","velikost44","plnostihla","plnostihlamoda","xl","chicstyle50","wool","cashmere",,,"3757210859345606303","false",,"7","Michaela , stylistka pro ženy 50+, s plus size postavou","12507893661","stylovav50",,"DQkS165iPaf","2025-11-02T20:14:18.000Z","Sidecar","https://www.instagram.com/p/DQkS165iPaf/",
"„Každý den máš šanci zazářit – i v pohodlných botách a teplém svetru 💫
Zelená a hnědá – barvy, které dýchají klidem, jistotou a stylem. 

Jakou barvu volíte vy?

#plussize #plussizefashion #xl #plnostihla #plnostihlamoda #size44 #velikost44 #moda #fashion #nakupy #chicstyle50","2","1350","1080","https://scontent-ord5-3.cdninstagram.com/v/t51.82787-15/573102092_18147532483421662_8224914087634376958_n.jpg?stp=dst-jpg_e35_p1080x1080_sh0.08_tt6&_nc_ht=scontent-ord5-3.cdninstagram.com&_nc_cat=110&_nc_oc=Q6cZ2gHTSMdKTE8_s-JSEAozR_0kkStAX87OrqFKQrNvO1i28_KHUxi1HZQmB1zSweNVNXs&_nc_ohc=F0rgF84vIdEQ7kNvwFOqV7v&_nc_gid=4dRuC8rW5P59wBsEwqPlvQ&edm=APU89FABAAAA&ccb=7-5&oh=00_AfyOdyacyV_elhrP8gLybAmZxQeQTzGGn5akq8K_fJvTBQ&oe=69C30BB1&_nc_sid=bc0c2c","plussize","plussizefashion","xl","plnostihla","plnostihlamoda","size44","velikost44","moda","fashion","nakupy","chicstyle50",,,,"3755776271742533436","false",,"9","Michaela , stylistka pro ženy 50+, s plus size postavou","12507893661","stylovav50",,"DQfMp7FDf88","2025-10-31T20:44:02.000Z","Image","https://www.instagram.com/p/DQfMp7FDf88/",
"#autumn #podzim #chic #chicfashion #xl #plussize #plussizewoman #nicetime #size44 #plussizefashion #plnostihla #chicstyle50","0","1440","1080","https://scontent-ord5-3.cdninstagram.com/v/t51.82787-15/573188463_18147439060421662_252041197177778658_n.jpg?stp=dst-jpg_e35_p1080x1080_sh0.08_tt6&_nc_ht=scontent-ord5-3.cdninstagram.com&_nc_cat=110&_nc_oc=Q6cZ2gHTSMdKTE8_s-JSEAozR_0kkStAX87OrqFKQrNvO1i28_KHUxi1HZQmB1zSweNVNXs&_nc_ohc=JlgxyMxmi2YQ7kNvwG-RKxp&_nc_gid=4dRuC8rW5P59wBsEwqPlvQ&edm=APU89FABAAAA&ccb=7-5&oh=00_AfwJmcTm3xGKc2D8S9jqbI14N8EFyea6DscNa6F48n0L_Q&oe=69C30D70&_nc_sid=bc0c2c","autumn","podzim","chic","chicfashion","xl","plussize","plussizewoman","nicetime","size44","plussizefashion","plnostihla","chicstyle50",,,"3755044232281767843","false",,"6","Michaela , stylistka pro ženy 50+, s plus size postavou","12507893661","stylovav50",,"DQcmNWNCL-j","2025-10-30T20:29:36.000Z","Image","https://www.instagram.com/p/DQcmNWNCL-j/",
"#aipomoc #fashion #barevnatypologie #barvy #barevnapaleta #comislusi #pomocsbarvami","4","1350","1080","https://scontent-ord5-3.cdninstagram.com/v/t51.82787-15/572096757_18147352282421662_6118894455981938403_n.jpg?stp=dst-jpg_e15_fr_p1080x1080_tt6&_nc_ht=scontent-ord5-3.cdninstagram.com&_nc_cat=110&_nc_oc=Q6cZ2gHTSMdKTE8_s-JSEAozR_0kkStAX87OrqFKQrNvO1i28_KHUxi1HZQmB1zSweNVNXs&_nc_ohc=CmnIDj1Z-w4Q7kNvwH6VYKd&_nc_gid=4dRuC8rW5P59wBsEwqPlvQ&edm=APU89FABAAAA&ccb=7-5&oh=00_Afy2JcVfkwpE-JDRlpdQVnwMYHcv4JYswVEklr1L1oeMew&oe=69C30597&_nc_sid=bc0c2c","aipomoc","fashion","barevnatypologie","barvy","barevnapaleta","comislusi","pomocsbarvami",,,,,,,,"3754329807430103974","false",,"7","Michaela , stylistka pro ženy 50+, s plus size postavou","12507893661","stylovav50",,"DQaDxGNiDOm","2025-10-29T20:50:10.000Z","Sidecar","https://www.instagram.com/p/DQaDxGNiDOm/",
"🍷✨Burgundský vibes only ✨🍷

Sportovní energie, ženská lehkost a špetka elegance v jednom looku.. nebojte se kombinovat společenskou sukni, mikinu a sneakers .. působí to moderně, uvolněně a zároveň chic.. a to i ve velikosti, která není úplně modelkovská 💕

➡️ Bordó odstín letos kraluje a já ho prostě miluju.. působí sebevědomě i žensky.. kdo mu letos propadl?

#chic50 #plussize #plussizefashion #plussizefashionblogger #xl #size44 #velikost44 #plnostihla #plnostihlamoda #outfitoftheday #outfitdne #inspired #inspiracemoda","3","1350","1080","https://scontent-ord5-3.cdninstagram.com/v/t51.82787-15/570439669_18147258724421662_7936520460513958748_n.jpg?stp=dst-jpg_e15_fr_p1080x1080_tt6&_nc_ht=scontent-ord5-3.cdninstagram.com&_nc_cat=110&_nc_oc=Q6cZ2gHTSMdKTE8_s-JSEAozR_0kkStAX87OrqFKQrNvO1i28_KHUxi1HZQmB1zSweNVNXs&_nc_ohc=ta7Afo7Kx10Q7kNvwGQ8ydR&_nc_gid=4dRuC8rW5P59wBsEwqPlvQ&edm=APU89FABAAAA&ccb=7-5&oh=00_Afz5euv8x8s3yU0fxcF5yB9sShlAvcJpa9gLnLUarH1F5Q&oe=69C30B37&_nc_sid=bc0c2c","chic50","plussize","plussizefashion","plussizefashionblogger","xl","size44","velikost44","plnostihla","plnostihlamoda","outfitoftheday","outfitdne","inspired","inspiracemoda",,"3753516878652783190","false",,"7","Michaela , stylistka pro ženy 50+, s plus size postavou","12507893661","stylovav50",,"DQXK7bSiDpW","2025-10-28T17:55:02.000Z","Sidecar","https://www.instagram.com/p/DQXK7bSiDpW/",
"Skvělý podzimní víkend plný skvělé zábavy s mojí rodinkou… zase příští rok @energylandia …

Jak trávíte víkendy na podzim vy?

#autumnvibes #podzim #pohoda #nicetime❤️ #familytime #action #fashionwoman #style #smile #energylandia #poland","0","1918","1080","https://scontent-ord5-3.cdninstagram.com/v/t51.82787-15/571699423_18147147862421662_7574033883222698176_n.jpg?stp=dst-jpg_e35_p1080x1080_sh0.08_tt6&_nc_ht=scontent-ord5-3.cdninstagram.com&_nc_cat=110&_nc_oc=Q6cZ2gHTSMdKTE8_s-JSEAozR_0kkStAX87OrqFKQrNvO1i28_KHUxi1HZQmB1zSweNVNXs&_nc_ohc=5Gh9ktTCN5QQ7kNvwHmGdxf&_nc_gid=4dRuC8rW5P59wBsEwqPlvQ&edm=APU89FABAAAA&ccb=7-5&oh=00_AfxgnyDkGuZAe54vXswZSkO9Azo83dErpjJt7R9UqL30oQ&oe=69C2F126&_nc_sid=bc0c2c","autumnvibes","podzim","pohoda","nicetime❤️","familytime","action","fashionwoman","style","smile","energylandia","poland",,,,"3752722669163289509","false",,"5","Michaela , stylistka pro ženy 50+, s plus size postavou","12507893661","stylovav50","clips","DQUWWKECJul","2025-10-27T15:42:57.000Z","Video","https://www.instagram.com/p/DQUWWKECJul/","https://scontent-ord5-2.cdninstagram.com/o1/v/t2/f2/m86/AQPi-xE2Jo0txX9iSexWj1G1qF66YHH2WO_d09WptH4atTC9eaUPU8hZ8bDW_oLIoKaAufe8z-CO2B4bLPoL9PdM1kxCg7piUnWlTmw.mp4?_nc_cat=103&_nc_sid=5e9851&_nc_ht=scontent-ord5-2.cdninstagram.com&_nc_ohc=r-2LvcpgIrAQ7kNvwHnFnUm&efg=eyJ2ZW5jb2RlX3RhZyI6Inhwdl9wcm9ncmVzc2l2ZS5JTlNUQUdSQU0uQ0xJUFMuQzMuNzIwLmRhc2hfYmFzZWxpbmVfMV92MSIsInhwdl9hc3NldF9pZCI6NzUxNTUyNTk0NTY3MjAxLCJhc3NldF9hZ2VfZGF5cyI6MTQzLCJ2aV91c2VjYXNlX2lkIjoxMDA5OSwiZHVyYXRpb25fcyI6MjYsInVybGdlbl9zb3VyY2UiOiJ3d3cifQ%3D%3D&ccb=17-1&vs=e5e3d2ea7dee8b1c&_nc_vs=HBksFQIYUmlnX3hwdl9yZWVsc19wZXJtYW5lbnRfc3JfcHJvZC9GRjQzM0JGQ0YzNEY1MDMyRjY0Q0Q4QjQxQUMwRENCMF92aWRlb19kYXNoaW5pdC5tcDQVAALIARIAFQIYR2lnX3hwdl9yZWVsc19wZXJtYW5lbnRfc3JfcHJvZC8yOTE4MTA1OTU4MzkwOTYzXzU1MDk1MTY4NjcxMzQzODM4OTEubXA0FQICyAESACgAGAAbAogHdXNlX29pbAExEnByb2dyZXNzaXZlX3JlY2lwZQExFQAAJsKA75aP4tUCFQIoAkMzLBdAOghysCDEnBgSZGFzaF9iYXNlbGluZV8xX3YxEQB1_gdl5p0BAA&_nc_gid=4dRuC8rW5P59wBsEwqPlvQ&_nc_ss=7a30f&_nc_zt=28&oh=00_AfxXvxJZUhS4xDzwYEV1kUopbT123VFU856ECTpjZnz8Yg&oe=69BEF8BC"
"Jak trávíte podzim vy?

#podzim #dyne #pumpkin #fashionwoman #nicetime #familytime #autumnvibes","0","1440","1080","https://scontent-ord5-3.cdninstagram.com/v/t51.82787-15/571159037_18146913178421662_8522020720443428819_n.jpg?stp=dst-jpg_e35_p1080x1080_sh0.08_tt6&_nc_ht=scontent-ord5-3.cdninstagram.com&_nc_cat=110&_nc_oc=Q6cZ2gHTSMdKTE8_s-JSEAozR_0kkStAX87OrqFKQrNvO1i28_KHUxi1HZQmB1zSweNVNXs&_nc_ohc=CrVEUsMEjiwQ7kNvwEcaZQy&_nc_gid=4dRuC8rW5P59wBsEwqPlvQ&edm=APU89FABAAAA&ccb=7-5&oh=00_AfyY65Vk1oQnSIjRWNOJRVYw5AQCgUeoEAOD5qH6G571Kw&oe=69C31644&_nc_sid=bc0c2c","podzim","dyne","pumpkin","fashionwoman","nicetime","familytime","autumnvibes",,,,,,,,"3751244674523262711","false",,"5","Michaela , stylistka pro ženy 50+, s plus size postavou","12507893661","stylovav50",,"DQPGSgSiO73","2025-10-25T14:40:34.000Z","Image","https://www.instagram.com/p/DQPGSgSiO73/",
"Inspirace Pinterestem.. jak vypadá ve velikosti 44 😎

#plussize #xl #plussizefashion #plnostihla #plnostihlamoda #fashion #moda #size44 #outfitoftheday #outfitdne #inspired #inspirace #inspiracemoda","4","1142","640","https://scontent-ord5-3.cdninstagram.com/v/t51.82787-15/569094156_18146848591421662_4117539138200473323_n.jpg?stp=dst-jpg_e15_tt6&_nc_ht=scontent-ord5-3.cdninstagram.com&_nc_cat=110&_nc_oc=Q6cZ2gHTSMdKTE8_s-JSEAozR_0kkStAX87OrqFKQrNvO1i28_KHUxi1HZQmB1zSweNVNXs&_nc_ohc=sJAn_MpWw58Q7kNvwFLCuaF&_nc_gid=4dRuC8rW5P59wBsEwqPlvQ&edm=APU89FABAAAA&ccb=7-5&oh=00_AfzcLpMNnIexH0E1dr_p8I83OkqLD90bhzJTaJVMn0TSGA&oe=69C2FE19&_nc_sid=bc0c2c","plussize","xl","plussizefashion","plnostihla","plnostihlamoda","fashion","moda","size44","outfitoftheday","outfitdne","inspired","inspirace","inspiracemoda",,"3750665278619940828","false",,"7","Michaela , stylistka pro ženy 50+, s plus size postavou","12507893661","stylovav50","clips","DQNCjLziHfc","2025-10-24T19:32:40.000Z","Video","https://www.instagram.com/p/DQNCjLziHfc/","https://scontent-ord5-2.cdninstagram.com/o1/v/t2/f2/m367/AQNFUPleiza2ai0ZsTXPI8utApd738XKHMpTgm9WTWrqkPjk7mnNLE9m0iF72eojbgUIUz8gciLVryRVFnIbHii-K0EFdHyz0uY9mi8.mp4?_nc_cat=105&_nc_sid=5e9851&_nc_ht=scontent-ord5-2.cdninstagram.com&_nc_ohc=vRd41HZrE58Q7kNvwFRoW_Z&efg=eyJ2ZW5jb2RlX3RhZyI6Inhwdl9wcm9ncmVzc2l2ZS5JTlNUQUdSQU0uQ0xJUFMuQzMuNzIwLmRhc2hfYmFzZWxpbmVfMV92MSIsInhwdl9hc3NldF9pZCI6MTM3NjI0MjcxMDc4NTY1NCwiYXNzZXRfYWdlX2RheXMiOjE0NiwidmlfdXNlY2FzZV9pZCI6MTAwOTksImR1cmF0aW9uX3MiOjE2LCJ1cmxnZW5fc291cmNlIjoid3d3In0%3D&ccb=17-1&vs=ade62bd2a092f6b&_nc_vs=HBksFQIYQGlnX2VwaGVtZXJhbC8wMzRCMDYzOEE3M0FEOTU3QjdCMjBDMUZDNTBDMzg4Ql92aWRlb19kYXNoaW5pdC5tcDQVAALIARIAFQIYRmlnX3hwdl9yZWVsc19wZXJtYW5lbnRfc3JfcHJvZC82NzcwOTkxODE3NjA4MzVfOTAzNzkxOTQ0MzE3NTA5MjQ5My5tcDQVAgLIARIAKAAYABsCiAd1c2Vfb2lsATEScHJvZ3Jlc3NpdmVfcmVjaXBlATEVAAAm7Lm1nu_r8QQVAigCQzMsF0Aw7MzMzMzNGBJkYXNoX2Jhc2VsaW5lXzFfdjERAHX-B2XmnQEA&_nc_gid=4dRuC8rW5P59wBsEwqPlvQ&_nc_ss=7a30f&_nc_zt=28&oh=00_AfxZpWWmZ-Yn_GwZwXBZtXuQThOyznJnMC8OiNQrOO7S-w&oe=69C2FFF6"
"Přiznejte barvu.. 🦋

„Modrá je síla. 👔💙 Elegance, pohodlí a sebevědomí v jednom.“

💡 Tip: Modrá sluší nejen v práci, ale i na schůzce nebo při večerním posezení s přáteli. Stačí vyměnit doplňky a celý look se promění.

#modrajedobra💙 #ootd #plussizefashion #plussize #xl #chic #plnostihla #plnostihlamoda #businessfashion #businessfashionplussize #selflove","0","1350","1080","https://scontent-ord5-3.cdninstagram.com/v/t51.82787-15/567636538_18146674936421662_4525986291201774146_n.jpg?stp=dst-jpg_e35_p1080x1080_sh0.08_tt6&_nc_ht=scontent-ord5-3.cdninstagram.com&_nc_cat=110&_nc_oc=Q6cZ2gHTSMdKTE8_s-JSEAozR_0kkStAX87OrqFKQrNvO1i28_KHUxi1HZQmB1zSweNVNXs&_nc_ohc=YxSY8_LRKK4Q7kNvwH44pOM&_nc_gid=4dRuC8rW5P59wBsEwqPlvQ&edm=APU89FABAAAA&ccb=7-5&oh=00_Afz7hGrz-OFYUiGt0P0X_m5ZmWq16ZheU03bLu0pfp8wxA&oe=69C3028F&_nc_sid=bc0c2c","modrajedobra💙","ootd","plussizefashion","plussize","xl","chic","plnostihla","plnostihlamoda","businessfashion","businessfashionplussize","selflove",,,,"3749188524629857433","false",,"6","Michaela , stylistka pro ženy 50+, s plus size postavou","12507893661","stylovav50",,"DQHyxleiJSZ","2025-10-22T18:35:22.000Z","Image","https://www.instagram.com/p/DQHyxleiJSZ/",
"… začíná mi to sluníčko trochu chybět, co vám?? 😎

#vacation #holiday #friends #nicetime #egypt #alalamain #dovolena #pratele #relax","0","1136","640","https://scontent-mad1-1.cdninstagram.com/v/t51.71878-15/565607018_865212096028517_7498712589222261327_n.jpg?stp=dst-jpg_e15_tt6&_nc_ht=scontent-mad1-1.cdninstagram.com&_nc_cat=105&_nc_oc=Q6cZ2gE0ftBM-1CAnUIWS6uonsH5OvqO_huKSdxeOZNTFqZNCpsquo41H6sbwfJuY6H1iN4&_nc_ohc=bOLXH6QyebAQ7kNvwFDjTbh&_nc_gid=24cqwLYpRzLZTC90C-Xfmg&edm=APU89FABAAAA&ccb=7-5&oh=00_AfwfBL7sIj-SUKlUoPPB29838GmOGvhc8uoTjpNQJFjh_Q&oe=69C3014A&_nc_sid=bc0c2c","vacation","holiday","friends","nicetime","egypt","alalamain","dovolena","pratele","relax",,,,,,"3748451939818941998","false",,"4","Michaela , stylistka pro ženy 50+, s plus size postavou","12507893661","stylovav50","clips","DQFLS3aiC4u","2025-10-21T18:15:10.000Z","Video","https://www.instagram.com/p/DQFLS3aiC4u/","https://scontent-mad2-1.cdninstagram.com/o1/v/t2/f2/m367/AQNLqtgkr8DRrt7eRfoxUlYCrb_-iZwZbLQByppzcu_FAYjW3yQGUn2j1hjb1DRAis1q7rNniIfd7aOUN8tTXcY_CH_V5g3JJ8id_90.mp4?_nc_cat=110&_nc_sid=5e9851&_nc_ht=scontent-mad2-1.cdninstagram.com&_nc_ohc=7e3WYQVARAsQ7kNvwEh9-SB&efg=eyJ2ZW5jb2RlX3RhZyI6Inhwdl9wcm9ncmVzc2l2ZS5JTlNUQUdSQU0uQ0xJUFMuQzMuNzIwLmRhc2hfYmFzZWxpbmVfMV92MSIsInhwdl9hc3NldF9pZCI6MTM2NDgxNjE5NDk4NjU5MywiYXNzZXRfYWdlX2RheXMiOjE0OSwidmlfdXNlY2FzZV9pZCI6MTAwOTksImR1cmF0aW9uX3MiOjE4LCJ1cmxnZW5fc291cmNlIjoid3d3In0%3D&ccb=17-1&vs=f7d582a1a9c49c6d&_nc_vs=HBksFQIYQGlnX2VwaGVtZXJhbC9EMDQ5NUVCOTIxMTVGQzE0MDUxNzc3NTNDQkVFNzVCMV92aWRlb19kYXNoaW5pdC5tcDQVAALIARIAFQIYRmlnX3hwdl9yZWVsc19wZXJtYW5lbnRfc3JfcHJvZC84Mzc3NDIzNzUzODkyNDlfMzg0MDU3NDAzODU4MDgyMDk1Ni5tcDQVAgLIARIAKAAYABsCiAd1c2Vfb2lsATEScHJvZ3Jlc3NpdmVfcmVjaXBlATEVAAAmwonjh-HS7AQVAigCQzMsF0AycSbpeNT-GBJkYXNoX2Jhc2VsaW5lXzFfdjERAHX-B2XmnQEA&_nc_gid=24cqwLYpRzLZTC90C-Xfmg&_nc_ss=7a30f&_nc_zt=28&oh=00_AfzpwWxzgi7PXtQRcFVkgFmKF9hVGMyQpzzs2jgdDOzKKw&oe=69C2E07B"
"…a co vy. Uklízíte na zimu sukně do skříně?

#plussize #plussizefashion #xl #plnostihla #plnostihlamoda #fashion #moda #outfitoftheday #size44","0","360","640","https://scontent-mad2-1.cdninstagram.com/v/t51.71878-15/568641856_1120514323583632_2218211522337725455_n.jpg?stp=dst-jpg_e15_tt6&_nc_ht=scontent-mad2-1.cdninstagram.com&_nc_cat=104&_nc_oc=Q6cZ2gE0ftBM-1CAnUIWS6uonsH5OvqO_huKSdxeOZNTFqZNCpsquo41H6sbwfJuY6H1iN4&_nc_ohc=DMapi-6fpVAQ7kNvwFWZJZL&_nc_gid=24cqwLYpRzLZTC90C-Xfmg&edm=APU89FABAAAA&ccb=7-5&oh=00_AfyjEoKWp5sYnl-Y17tdqo2pXyNmBGOGu3c0sCQ0hmVdGQ&oe=69C2E484&_nc_sid=bc0c2c","plussize","plussizefashion","xl","plnostihla","plnostihlamoda","fashion","moda","outfitoftheday","size44",,,,,,"3747600070703894553","false",,"1","Michaela , stylistka pro ženy 50+, s plus size postavou","12507893661","stylovav50","clips","DQCJmieiNAZ","2025-10-20T14:01:43.000Z","Video","https://www.instagram.com/p/DQCJmieiNAZ/","https://scontent-mad2-1.cdninstagram.com/o1/v/t2/f2/m86/AQNWg_3BVd3IDoBVjzTeWASptnWUZOoEtolFMAYVnS3Zz2uuDAkxfdAzIO5vIjXUnTT8DWPD7vc5pFTfH0LYqr8L4IGBcdqvtCATGLI.mp4?_nc_cat=108&_nc_sid=5e9851&_nc_ht=scontent-mad2-1.cdninstagram.com&_nc_ohc=-uxNDJSoNZ4Q7kNvwEamdXw&efg=eyJ2ZW5jb2RlX3RhZyI6Inhwdl9wcm9ncmVzc2l2ZS5JTlNUQUdSQU0uQ0xJUFMuQzMuMTI3Ni5kYXNoX2Jhc2VsaW5lXzFfdjEiLCJ4cHZfYXNzZXRfaWQiOjgzODUwMzAxODczNzA3MSwiYXNzZXRfYWdlX2RheXMiOjE1MCwidmlfdXNlY2FzZV9pZCI6MTAwOTksImR1cmF0aW9uX3MiOjE1LCJ1cmxnZW5fc291cmNlIjoid3d3In0%3D&ccb=17-1&vs=482e673351d10745&_nc_vs=HBksFQIYUmlnX3hwdl9yZWVsc19wZXJtYW5lbnRfc3JfcHJvZC80QzQxMTFDQUE3NUU3QkMyNzkzOEI5QTcyRjkzOTQ5Q192aWRlb19kYXNoaW5pdC5tcDQVAALIARIAFQIYR2lnX3hwdl9yZWVsc19wZXJtYW5lbnRfc3JfcHJvZC8xNDQ0MjY0Njk5OTc2ODcyXzIxNTY4MzIwNjUwNjIwNjc0NTkubXA0FQICyAESACgAGAAbAogHdXNlX29pbAExEnByb2dyZXNzaXZlX3JlY2lwZQExFQAAJt62mammp_0CFQIoAkMzLBdALgAAAAAAABgSZGFzaF9iYXNlbGluZV8xX3YxEQB1_gdl5p0BAA&_nc_gid=24cqwLYpRzLZTC90C-Xfmg&_nc_ss=7a30f&_nc_zt=28&oh=00_AfwK8VdelRkLsvrWjgDNQhbCRr_z6GXofcKg9Eo02XweOA&oe=69BF1461"
"⸻

„Ano, mám na sobě leopardí vzor. Ne, nejsem na lovu. Jen v módním teritoriu.“ 🐆💼✨
Když se cítíš jako šelma… ale máš meeting, školení a potom kafe s kámoškou.

#divokaalepodkontolou
#stylbezvekoveholimitu
#leopardprint
#PlusSizeFashion
#zenaspostojem
#modapadesatky 
#ConfidenceIsMyOutfit
#OOTD
#SelfieQueen
#xl
#plussize 
#plnostihla","0","1136","640","https://scontent-mad1-1.cdninstagram.com/v/t51.71878-15/508679525_1978553169610575_6883658295628299064_n.jpg?stp=dst-jpg_e15_tt6&_nc_ht=scontent-mad1-1.cdninstagram.com&_nc_cat=103&_nc_oc=Q6cZ2gE0ftBM-1CAnUIWS6uonsH5OvqO_huKSdxeOZNTFqZNCpsquo41H6sbwfJuY6H1iN4&_nc_ohc=4gsHbvXbQhMQ7kNvwFZ8Kmh&_nc_gid=24cqwLYpRzLZTC90C-Xfmg&edm=APU89FABAAAA&ccb=7-5&oh=00_AfwBrBkMG1mixJ20ue0gPCb_8VbhfwWV0H83fYlau3zSEw&oe=69C2F6BB&_nc_sid=bc0c2c","divokaalepodkontolou","stylbezvekoveholimitu","leopardprint","PlusSizeFashion","zenaspostojem","modapadesatky","ConfidenceIsMyOutfit","OOTD","SelfieQueen","xl","plussize","plnostihla",,,"3657564148459537306","false",,"5","Michaela , stylistka pro ženy 50+, s plus size postavou","12507893661","stylovav50","clips","DLCRzbkIoOa","2025-06-18T08:39:10.000Z","Video","https://www.instagram.com/p/DLCRzbkIoOa/","https://scontent-mad2-1.cdninstagram.com/o1/v/t2/f2/m367/AQO4iDbNGRQVFXhe7u2unD94m3_nRAJGau_OfF63yqUkFg7p9_8ZnriAhwjME1URc-matf7RNItegMu_GN14x_ehZvAsaYhQL0EYr8c.mp4?_nc_cat=100&_nc_sid=5e9851&_nc_ht=scontent-mad2-1.cdninstagram.com&_nc_ohc=asjQx3AeUR8Q7kNvwHhkU9d&efg=eyJ2ZW5jb2RlX3RhZyI6Inhwdl9wcm9ncmVzc2l2ZS5JTlNUQUdSQU0uQ0xJUFMuQzMuNzIwLmRhc2hfYmFzZWxpbmVfMV92MSIsInhwdl9hc3NldF9pZCI6MTIzNDMzOTEwMTUwMTY3OSwiYXNzZXRfYWdlX2RheXMiOjI3NSwidmlfdXNlY2FzZV9pZCI6MTAwOTksImR1cmF0aW9uX3MiOjksInVybGdlbl9zb3VyY2UiOiJ3d3cifQ%3D%3D&ccb=17-1&vs=3d8b1eee95f1da34&_nc_vs=HBksFQIYQGlnX2VwaGVtZXJhbC8wNDQ1RjAyQzczNDYwNTk4MDM1RDBFNjA1MERFMTQ5M192aWRlb19kYXNoaW5pdC5tcDQVAALIARIAFQIYR2lnX3hwdl9yZWVsc19wZXJtYW5lbnRfc3JfcHJvZC8zOTQwNjczMjcyODM4MTg3XzE5Njg4NTkwNDAzNDA2OTYzMDgubXA0FQICyAESACgAGAAbAogHdXNlX29pbAExEnByb2dyZXNzaXZlX3JlY2lwZQExFQAAJt6j6_r-p7EEFQIoAkMzLBdAI1si0OVgQhgSZGFzaF9iYXNlbGluZV8xX3YxEQB1_gdl5p0BAA&_nc_gid=24cqwLYpRzLZTC90C-Xfmg&_nc_ss=7a30f&_nc_zt=28&oh=00_AfylSnn97Qr1VAxGTpKJNyrirnFp9C-vBWb3gtL7YsIeWA&oe=69C2FB51"
"„Business look, ve kterém se cítím jako doma 💼✨
Sako, perly a tenisky – protože styl a pohodlí se nevylučují.
#PowerLook #SmartStyle #ŽenaSTahem #PlusSizeChic #OutfitDne #MódaBezVěku #ConfidenceInStyle“ #xl #plussize #plussizefashion #plnostihla #plnostihlamoda","0","1440","1080","https://scontent-mad2-1.cdninstagram.com/v/t51.2885-15/503171378_18133380640421662_4048173211966940690_n.jpg?stp=dst-jpg_e35_p1080x1080_sh0.08_tt6&_nc_ht=scontent-mad2-1.cdninstagram.com&_nc_cat=110&_nc_oc=Q6cZ2gE0ftBM-1CAnUIWS6uonsH5OvqO_huKSdxeOZNTFqZNCpsquo41H6sbwfJuY6H1iN4&_nc_ohc=w20xcedTeEUQ7kNvwEWV3o1&_nc_gid=24cqwLYpRzLZTC90C-Xfmg&edm=APU89FABAAAA&ccb=7-5&oh=00_AfzunAG1Q0fcZzU5CAqv6TWqC0-W2zGTglxa3IXAgF_A7w&oe=69C30B92&_nc_sid=bc0c2c","PowerLook","SmartStyle","ŽenaSTahem","PlusSizeChic","OutfitDne","MódaBezVěku","ConfidenceInStyle“","xl","plussize","plussizefashion","plnostihla","plnostihlamoda",,,"3646542876619319852","false",,"9","Michaela , stylistka pro ženy 50+, s plus size postavou","12507893661","stylovav50",,"DKbH20TICos","2025-06-03T03:36:47.000Z","Image","https://www.instagram.com/p/DKbH20TICos/",
"Černá je vždycky správně.🖤
Elegance, síla a sebevědomí v jednom outfitu. Minimalismus nemusí být nudný – stačí správné střihy, materiály a postoj.
#móda50plus #stylbeznudy #zenastyle #allblacklook #confidenceinblack #moda50 #xl #plussize #plnostihla #plnostihlamoda","0","1440","1080","https://scontent-mad2-1.cdninstagram.com/v/t51.2885-15/501276909_18132893242421662_3661120724361118384_n.jpg?stp=dst-jpg_e35_p1080x1080_sh0.08_tt6&_nc_ht=scontent-mad2-1.cdninstagram.com&_nc_cat=110&_nc_oc=Q6cZ2gE0ftBM-1CAnUIWS6uonsH5OvqO_huKSdxeOZNTFqZNCpsquo41H6sbwfJuY6H1iN4&_nc_ohc=RqpupDeeV5gQ7kNvwGiacYx&_nc_gid=24cqwLYpRzLZTC90C-Xfmg&edm=APU89FABAAAA&ccb=7-5&oh=00_AfzrHovO48kZOr_fGwQrxBqUONFwj7VpMPLfVbuByuy2XQ&oe=69C2FF10&_nc_sid=bc0c2c","móda50plus","stylbeznudy","zenastyle","allblacklook","confidenceinblack","moda50","xl","plussize","plnostihla","plnostihlamoda",,,,,"3643003334729880124","false",,"5","Michaela , stylistka pro ženy 50+, s plus size postavou","12507893661","stylovav50",,"DKOjDtCI1I8","2025-05-29T06:24:21.000Z","Image","https://www.instagram.com/p/DKOjDtCI1I8/",
"#outfitdne #outfitoftheday #xl #plussize #fashion #moda #plnostihla #plnostihlamoda #plnostihle #mejserada","0","1136","640","https://scontent-mad1-1.cdninstagram.com/v/t51.71878-15/501068866_1047082686852378_7326539804300060095_n.jpg?stp=dst-jpg_e15_tt6&_nc_ht=scontent-mad1-1.cdninstagram.com&_nc_cat=106&_nc_oc=Q6cZ2gE0ftBM-1CAnUIWS6uonsH5OvqO_huKSdxeOZNTFqZNCpsquo41H6sbwfJuY6H1iN4&_nc_ohc=gQe5CmZ6ANYQ7kNvwG5E_hw&_nc_gid=24cqwLYpRzLZTC90C-Xfmg&edm=APU89FABAAAA&ccb=7-5&oh=00_Afw3xWDeDkriQM-wRijhk8aP7hzTfmE4AtLPfcrVm3gv2A&oe=69C2E5FC&_nc_sid=bc0c2c","outfitdne","outfitoftheday","xl","plussize","fashion","moda","plnostihla","plnostihlamoda","plnostihle","mejserada",,,,,"3640283201582174157","false",,"3","Michaela , stylistka pro ženy 50+, s plus size postavou","12507893661","stylovav50","clips","DKE4kjoII_N","2025-05-25T12:23:06.000Z","Video","https://www.instagram.com/p/DKE4kjoII_N/","https://scontent-mad1-1.cdninstagram.com/o1/v/t2/f2/m367/AQNivkUyhDqgnh5pqaBlkdaq-TyyhKQTO_gCeuQqFwP5NYFD7jVS9yYUP5FaE1N4yCFufri4evAsB1aXYDVQcgpVkcBQzvCTqVZM9LY.mp4?_nc_cat=105&_nc_sid=5e9851&_nc_ht=scontent-mad1-1.cdninstagram.com&_nc_ohc=2p9EHkDQBl4Q7kNvwEySEPp&efg=eyJ2ZW5jb2RlX3RhZyI6Inhwdl9wcm9ncmVzc2l2ZS5JTlNUQUdSQU0uQ0xJUFMuQzMuNzIwLmRhc2hfYmFzZWxpbmVfMV92MSIsInhwdl9hc3NldF9pZCI6MzA4NjE3NzM1NDg5MjI3NiwiYXNzZXRfYWdlX2RheXMiOjI5OCwidmlfdXNlY2FzZV9pZCI6MTAwOTksImR1cmF0aW9uX3MiOjgsInVybGdlbl9zb3VyY2UiOiJ3d3cifQ%3D%3D&ccb=17-1&vs=7ce14c5c0dab001&_nc_vs=HBksFQIYQGlnX2VwaGVtZXJhbC9DNzRDMTQ0RTI4NzA4NTcyMTdBMUVEQ0M0Nzk3REE5Ml92aWRlb19kYXNoaW5pdC5tcDQVAALIARIAFQIYR2lnX3hwdl9yZWVsc19wZXJtYW5lbnRfc3JfcHJvZC8xMjI2OTc1NDMyMjY3MDY5XzM0Nzc3MDI5MTMyOTk3NjI2NDkubXA0FQICyAESACgAGAAbAogHdXNlX29pbAExEnByb2dyZXNzaXZlX3JlY2lwZQExFQAAJuiPno-Vt_sKFQIoAkMzLBdAINDlYEGJNxgSZGFzaF9iYXNlbGluZV8xX3YxEQB1_gdl5p0BAA&_nc_gid=24cqwLYpRzLZTC90C-Xfmg&_nc_ss=7a30f&_nc_zt=28&oh=00_Afz3kpv0DAtktotKHm3sYwJGMK7cz6rzVaTGzE-ySbW-cQ&oe=69C2E06E"
"#newday #friday #styl #plussizefashion #plussize #moda #xl #plnostihla #plnostihlamoda #style","0","1136","640","https://scontent-mad1-1.cdninstagram.com/v/t51.71878-15/499918504_995858419370465_3353906969120359640_n.jpg?stp=dst-jpg_e15_tt6&_nc_ht=scontent-mad1-1.cdninstagram.com&_nc_cat=105&_nc_oc=Q6cZ2gE0ftBM-1CAnUIWS6uonsH5OvqO_huKSdxeOZNTFqZNCpsquo41H6sbwfJuY6H1iN4&_nc_ohc=IreI5RRa1OEQ7kNvwElNlp5&_nc_gid=24cqwLYpRzLZTC90C-Xfmg&edm=APU89FABAAAA&ccb=7-5&oh=00_AfwpwOs4X_Kpc8nd5dqCa2uXceHr861oGp2m4TKKOsDnaA&oe=69C3027C&_nc_sid=bc0c2c","newday","friday","styl","plussizefashion","plussize","moda","xl","plnostihla","plnostihlamoda","style",,,,,"3638630334402715601","false",,"4","Michaela , stylistka pro ženy 50+, s plus size postavou","12507893661","stylovav50","clips","DJ_AwLHCN_R","2025-05-23T05:37:59.000Z","Video","https://www.instagram.com/p/DJ_AwLHCN_R/","https://scontent-mad2-1.cdninstagram.com/o1/v/t2/f2/m367/AQNyKXMrzmomeps5w3l1N4X3Gs5xQBENQE5oRDvoV2Udu-sCb24-BWhmdQ5ZiC5S70nMroLtwF4mhx5HW9E3J2fv1CRoAbJiG360geY.mp4?_nc_cat=104&_nc_sid=5e9851&_nc_ht=scontent-mad2-1.cdninstagram.com&_nc_ohc=Tf8Zfgj5l5kQ7kNvwHbXlUB&efg=eyJ2ZW5jb2RlX3RhZyI6Inhwdl9wcm9ncmVzc2l2ZS5JTlNUQUdSQU0uQ0xJUFMuQzMuNzIwLmRhc2hfYmFzZWxpbmVfMV92MSIsInhwdl9hc3NldF9pZCI6MTM4NDc3MTk2MjY3MDQyNCwiYXNzZXRfYWdlX2RheXMiOjMwMSwidmlfdXNlY2FzZV9pZCI6MTAwOTksImR1cmF0aW9uX3MiOjIsInVybGdlbl9zb3VyY2UiOiJ3d3cifQ%3D%3D&ccb=17-1&vs=a5e442c0ff540e42&_nc_vs=HBksFQIYQGlnX2VwaGVtZXJhbC9EMTRFNzQ1MDFEMzczOUZBNjgwMTlGN0Y5Rjk1MDg4MF92aWRlb19kYXNoaW5pdC5tcDQVAALIARIAFQIYRmlnX3hwdl9yZWVsc19wZXJtYW5lbnRfc3JfcHJvZC8xNjYyNjE4MzgxMjg2MzYxXzcxMTAwMzIxMTc3NzkzMzk2MS5tcDQVAgLIARIAKAAYABsCiAd1c2Vfb2lsATEScHJvZ3Jlc3NpdmVfcmVjaXBlATEVAAAmsLXwjqvc9QQVAigCQzMsF0AGuFHrhR64GBJkYXNoX2Jhc2VsaW5lXzFfdjERAHX-B2XmnQEA&_nc_gid=24cqwLYpRzLZTC90C-Xfmg&_nc_ss=7a30f&_nc_zt=28&oh=00_AfzD7UVm82U5XGQUd7pIk-a7aewMvqooFFeGBEMQdkBF2g&oe=69C2E8F1"
"I v mém věku se občas objeví na tváři nezvaný host ve formě pupínku. Většina kosmetiky na akné je určena pro teen věk, takže pro mě nevyhovující.. naštěstí jsem objevila tyto nálepky na pupínky a musím říct, že je to skvělý pomocník.. obě značky jsou korejské.. náplasti si lepím na noc a většinou 2 noci stačí.. v obou případech je v balení víc velikostí.. možná trošku lepší mi přijdou ty Some by mi.. 
#somebymi #korejskakosmetika #kosmetika #kosmetika50 #skincare #koreanskincare #krasnaplet #zralaplet #cosrx","0","1136","640","https://scontent-mad2-1.cdninstagram.com/v/t51.71878-15/499690957_9914538385252030_5994869806669136621_n.jpg?stp=dst-jpg_e15_tt6&_nc_ht=scontent-mad2-1.cdninstagram.com&_nc_cat=110&_nc_oc=Q6cZ2gE0ftBM-1CAnUIWS6uonsH5OvqO_huKSdxeOZNTFqZNCpsquo41H6sbwfJuY6H1iN4&_nc_ohc=4SQzN7kCEZEQ7kNvwEvnaL4&_nc_gid=24cqwLYpRzLZTC90C-Xfmg&edm=APU89FABAAAA&ccb=7-5&oh=00_Afw8cHdy7t0ZRiVLzlk8LzbS76mqQpda8ur8-5psKo5PJA&oe=69C2EEAB&_nc_sid=bc0c2c","somebymi","korejskakosmetika","kosmetika","kosmetika50","skincare","koreanskincare","krasnaplet","zralaplet","cosrx",,,,,,"3637519300426305001","false",,"3","Michaela , stylistka pro ženy 50+, s plus size postavou","12507893661","stylovav50","clips","DJ7EIgFiY3p","2025-05-21T17:00:01.000Z","Video","https://www.instagram.com/p/DJ7EIgFiY3p/","https://scontent-mad1-1.cdninstagram.com/o1/v/t2/f2/m367/AQOstMDr6f0eeFiLePA19Lm_Fzeaq31tjpuneDzifunQFyjHE7gSg5hQMylSbNB4rwrkBk9M-lJRRns2dEG_wjVXNSWsYAp1Sw9Ck7c.mp4?_nc_cat=105&_nc_sid=5e9851&_nc_ht=scontent-mad1-1.cdninstagram.com&_nc_ohc=0UhANFcO_w0Q7kNvwG6_wJ0&efg=eyJ2ZW5jb2RlX3RhZyI6Inhwdl9wcm9ncmVzc2l2ZS5JTlNUQUdSQU0uQ0xJUFMuQzMuNzIwLmRhc2hfYmFzZWxpbmVfMV92MSIsInhwdl9hc3NldF9pZCI6MTIzOTY3OTE5NzgxNTE3MywiYXNzZXRfYWdlX2RheXMiOjMwMiwidmlfdXNlY2FzZV9pZCI6MTAwOTksImR1cmF0aW9uX3MiOjIsInVybGdlbl9zb3VyY2UiOiJ3d3cifQ%3D%3D&ccb=17-1&vs=18514cbf33f1c761&_nc_vs=HBksFQIYQGlnX2VwaGVtZXJhbC9BNDRDRDJGMUYyM0FBQUQyOTMxOTIxOTQ5ODAwQTQ5MF92aWRlb19kYXNoaW5pdC5tcDQVAALIARIAFQIYRmlnX3hwdl9yZWVsc19wZXJtYW5lbnRfc3JfcHJvZC82NzY4NDYxNjE5MzQ1MDBfMjAzNjA5NjM5MDE5NTQ2MDcxNy5tcDQVAgLIARIAKAAYABsCiAd1c2Vfb2lsATEScHJvZ3Jlc3NpdmVfcmVjaXBlATEVAAAmiobF4-neswQVAigCQzMsF0ABm6XjU_fPGBJkYXNoX2Jhc2VsaW5lXzFfdjERAHX-B2XmnQEA&_nc_gid=24cqwLYpRzLZTC90C-Xfmg&_nc_ss=7a30f&_nc_zt=28&oh=00_AfwWOQoL_orlQ6daSnz3fogYmruWdgbnVM4SZJAFsx1dKw&oe=69C2F21E"
"","2","1136","640","https://scontent-mad1-1.cdninstagram.com/v/t51.71878-15/500096191_1415235582824971_6114685791381508661_n.jpg?stp=dst-jpg_e15_tt6&_nc_ht=scontent-mad1-1.cdninstagram.com&_nc_cat=107&_nc_oc=Q6cZ2gE0ftBM-1CAnUIWS6uonsH5OvqO_huKSdxeOZNTFqZNCpsquo41H6sbwfJuY6H1iN4&_nc_ohc=ia6-_JCz8HQQ7kNvwEUYVur&_nc_gid=24cqwLYpRzLZTC90C-Xfmg&edm=APU89FABAAAA&ccb=7-5&oh=00_AfwGAFu2Kqh6UC8MYGV_4IJpcsTTylTwcsvgHTODb3rSmA&oe=69C313A4&_nc_sid=bc0c2c",,,,,,,,,,,,,,,"3636504047584317148","false",,"4","Michaela , stylistka pro ženy 50+, s plus size postavou","12507893661","stylovav50","clips","DJ3dSoMiI7c","2025-05-20T07:11:59.000Z","Video","https://www.instagram.com/p/DJ3dSoMiI7c/","https://scontent-mad1-1.cdninstagram.com/o1/v/t2/f2/m367/AQNf3_NrgJ2AkZTtKfQgIvcedukByTNM-UKPqZHvirq6cDe59axSVOREOlKPYXhuXuka8vBeAABzaSy9iZuVasJYRVeHVGBSyyl0qyM.mp4?_nc_cat=106&_nc_sid=5e9851&_nc_ht=scontent-mad1-1.cdninstagram.com&_nc_ohc=ILydmCQH8ywQ7kNvwEklwTo&efg=eyJ2ZW5jb2RlX3RhZyI6Inhwdl9wcm9ncmVzc2l2ZS5JTlNUQUdSQU0uQ0xJUFMuQzMuNzIwLmRhc2hfYmFzZWxpbmVfMV92MSIsInhwdl9hc3NldF9pZCI6MTA0OTU1NzIyMzI5ODY1MSwiYXNzZXRfYWdlX2RheXMiOjMwNCwidmlfdXNlY2FzZV9pZCI6MTAwOTksImR1cmF0aW9uX3MiOjExLCJ1cmxnZW5fc291cmNlIjoid3d3In0%3D&ccb=17-1&vs=1083db1310a077b6&_nc_vs=HBksFQIYQGlnX2VwaGVtZXJhbC9ENjQ0RUY3RTRCMTA1OEREMUY1Q0QzOEU2M0ZERDJCOV92aWRlb19kYXNoaW5pdC5tcDQVAALIARIAFQIYR2lnX3hwdl9yZWVsc19wZXJtYW5lbnRfc3JfcHJvZC8xMjM5NzU3NDkwODY1MjUxXzM5NzEyMjM5MzI0ODc3MzU2MDYubXA0FQICyAESACgAGAAbAogHdXNlX29pbAExEnByb2dyZXNzaXZlX3JlY2lwZQExFQAAJrbZuteipN0DFQIoAkMzLBdAJqHKwIMSbxgSZGFzaF9iYXNlbGluZV8xX3YxEQB1_gdl5p0BAA&_nc_gid=24cqwLYpRzLZTC90C-Xfmg&_nc_ss=7a30f&_nc_zt=28&oh=00_AfyFQxjhKOTy8XgM2sKLntyMvHbxFBdGtis_tw_r3i3pAA&oe=69C30A4F"
"Outfit dne .. nebojte se nosit krátké saka.. i v případě plnějších tvarů vypadá dobře 👍

#plussize #plussizefashion #plussizefashionblogger #xl #sizexl #size44 #plnetvary #fashion #moda","0","1920","1080","https://scontent-mad2-1.cdninstagram.com/v/t51.2885-15/496931249_18131340448421662_1302880942689232824_n.jpg?stp=dst-jpg_e35_p1080x1080_sh0.08_tt6&_nc_ht=scontent-mad2-1.cdninstagram.com&_nc_cat=110&_nc_oc=Q6cZ2gE0ftBM-1CAnUIWS6uonsH5OvqO_huKSdxeOZNTFqZNCpsquo41H6sbwfJuY6H1iN4&_nc_ohc=bb_nQsi21dYQ7kNvwEx9SCI&_nc_gid=24cqwLYpRzLZTC90C-Xfmg&edm=APU89FABAAAA&ccb=7-5&oh=00_AfxKK1rompdwCyjctab0ch6Vuerj8-ShZOsc5uD8zdrv6w&oe=69C30D9E&_nc_sid=bc0c2c","plussize","plussizefashion","plussizefashionblogger","xl","sizexl","size44","plnetvary","fashion","moda",,,,,,"3631000294584351277","false",,"4","Michaela , stylistka pro ženy 50+, s plus size postavou","12507893661","stylovav50","clips","DJj54eyCfot","2025-05-12T16:59:32.000Z","Video","https://www.instagram.com/p/DJj54eyCfot/","https://scontent-mad2-1.cdninstagram.com/o1/v/t2/f2/m367/AQPlEfB8aMI79a54pSgTJqgVhcIRNjtcR2bxJgXHaFGMx00AN7VocuTcdaiblxiIH_x132kqBeZODfKSCZQrfK5DSlgjCIsBJ5veJ2w.mp4?_nc_cat=100&_nc_sid=5e9851&_nc_ht=scontent-mad2-1.cdninstagram.com&_nc_ohc=tA0IVtlsh04Q7kNvwEDeU5N&efg=eyJ2ZW5jb2RlX3RhZyI6Inhwdl9wcm9ncmVzc2l2ZS5JTlNUQUdSQU0uQ0xJUFMuQzMuNzIwLmRhc2hfYmFzZWxpbmVfMV92MSIsInhwdl9hc3NldF9pZCI6MjA5NDQ2MjY0MTA2NDAyNiwiYXNzZXRfYWdlX2RheXMiOjMxMSwidmlfdXNlY2FzZV9pZCI6MTAwOTksImR1cmF0aW9uX3MiOjQsInVybGdlbl9zb3VyY2UiOiJ3d3cifQ%3D%3D&ccb=17-1&vs=949838806b9d58f2&_nc_vs=HBksFQIYQGlnX2VwaGVtZXJhbC9FMDQ4MDYwMDIyQjJCMDBCQjg0MzYyOEU3QTkwNjFBN192aWRlb19kYXNoaW5pdC5tcDQVAALIARIAFQIYRmlnX3hwdl9yZWVsc19wZXJtYW5lbnRfc3JfcHJvZC82NzY5Mjk4NDE3MTA4MzdfNDM5MzExNTQ0MTMyMzAwNTAzOC5tcDQVAgLIARIAKAAYABsCiAd1c2Vfb2lsATEScHJvZ3Jlc3NpdmVfcmVjaXBlATEVAAAmtKG62-K5uAcVAigCQzMsF0AQqfvnbItEGBJkYXNoX2Jhc2VsaW5lXzFfdjERAHX-B2XmnQEA&_nc_gid=24cqwLYpRzLZTC90C-Xfmg&_nc_ss=7a30f&_nc_zt=28&oh=00_AfyZ5ECtMI3kHk0A67mBxyZBV-ApqUWzv6bBQvf0rPzgDA&oe=69C2F7BD"
"#fashion #sobota #nakupy #plussize #pohodli #xl #plnostihla #plnostihlamoda #proplnostihle #plussizefashion #plussizebloger #plussizeblogers #cititsedobre","0","1920","1080","https://scontent-mad2-1.cdninstagram.com/v/t51.2885-15/491438518_18129837073421662_703701646857169223_n.jpg?stp=dst-jpg_e35_p1080x1080_sh0.08_tt6&_nc_ht=scontent-mad2-1.cdninstagram.com&_nc_cat=110&_nc_oc=Q6cZ2gE0ftBM-1CAnUIWS6uonsH5OvqO_huKSdxeOZNTFqZNCpsquo41H6sbwfJuY6H1iN4&_nc_ohc=PFSdonsd8pcQ7kNvwHblWVf&_nc_gid=24cqwLYpRzLZTC90C-Xfmg&edm=APU89FABAAAA&ccb=7-5&oh=00_AfxjAZfpPQDX9mjz-gXAGqimrMXKdxyICE5ykjBSa9w1gg&oe=69C2E867&_nc_sid=bc0c2c","fashion","sobota","nakupy","plussize","pohodli","xl","plnostihla","plnostihlamoda","proplnostihle","plussizefashion","plussizebloger","plussizeblogers","cititsedobre",,"3619336530894002688","false",,"4","Michaela , stylistka pro ženy 50+, s plus size postavou","12507893661","stylovav50","clips","DI6d2YWiBoA","2025-04-26T14:45:48.000Z","Video","https://www.instagram.com/p/DI6d2YWiBoA/","https://scontent-mad2-1.cdninstagram.com/o1/v/t2/f2/m367/AQOV7Cj413iy6TKKeBzSKfSq3cwDveViy3VamV0gjW-MusoQzyRtp9SoZMNHNMj9DuNeJgzAJQVFB925rhuwbcQ6TWmMg0JMmiihOCM.mp4?_nc_cat=110&_nc_sid=5e9851&_nc_ht=scontent-mad2-1.cdninstagram.com&_nc_ohc=2oJAjR1MC5QQ7kNvwFjQF4o&efg=eyJ2ZW5jb2RlX3RhZyI6Inhwdl9wcm9ncmVzc2l2ZS5JTlNUQUdSQU0uQ0xJUFMuQzMuNzIwLmRhc2hfYmFzZWxpbmVfMV92MSIsInhwdl9hc3NldF9pZCI6MTA2NjUwNDA5MTk4OTk1MCwiYXNzZXRfYWdlX2RheXMiOjMyNywidmlfdXNlY2FzZV9pZCI6MTAwOTksImR1cmF0aW9uX3MiOjI5LCJ1cmxnZW5fc291cmNlIjoid3d3In0%3D&ccb=17-1&vs=f25ecdd9a29cc645&_nc_vs=HBksFQIYQGlnX2VwaGVtZXJhbC84NTQ5RjlFOTNFQzU5ODU3NzAwQjUxNDkxN0ExMkU5MV92aWRlb19kYXNoaW5pdC5tcDQVAALIARIAFQIYRmlnX3hwdl9yZWVsc19wZXJtYW5lbnRfc3JfcHJvZC85OTEyNjI0MTMxMTcxNTBfNTgyMzIyODIxNDIwMzQ4NTEzMi5tcDQVAgLIARIAKAAYABsCiAd1c2Vfb2lsATEScHJvZ3Jlc3NpdmVfcmVjaXBlATEVAAAm_N7v2Nr-5AMVAigCQzMsF0A97tkWhysCGBJkYXNoX2Jhc2VsaW5lXzFfdjERAHX-B2XmnQEA&_nc_gid=24cqwLYpRzLZTC90C-Xfmg&_nc_ss=7a30f&_nc_zt=28&oh=00_AfxesynUEc2h0zEiL8U_AubposVsTbH1EyAsT2XjrqYXWg&oe=69C309E3"
"Outfit dne… hezký  čtvrtek všem 😎. 

#size44 #nosimvelikost44 #plussize #plussizefashion #fashion #otfitoftheday #velikostxl","0","1920","1080","https://scontent-mad2-1.cdninstagram.com/v/t51.2885-15/489704121_18128395507421662_6668760726092563504_n.jpg?stp=dst-jpg_e35_p1080x1080_sh0.08_tt6&_nc_ht=scontent-mad2-1.cdninstagram.com&_nc_cat=110&_nc_oc=Q6cZ2gE0ftBM-1CAnUIWS6uonsH5OvqO_huKSdxeOZNTFqZNCpsquo41H6sbwfJuY6H1iN4&_nc_ohc=b-yopVzzJPcQ7kNvwGStuwV&_nc_gid=24cqwLYpRzLZTC90C-Xfmg&edm=APU89FABAAAA&ccb=7-5&oh=00_Afxi2N-igBJ0HfJrT2p1BSEpWFLJfLp8JFSlmGw1zmVwFQ&oe=69C315D5&_nc_sid=bc0c2c","size44","nosimvelikost44","plussize","plussizefashion","fashion","otfitoftheday","velikostxl",,,,,,,,"3607558854059565719","false",,"4","Michaela , stylistka pro ženy 50+, s plus size postavou","12507893661","stylovav50","clips","DIQn6oCiSKX","2025-04-10T08:42:43.000Z","Video","https://www.instagram.com/p/DIQn6oCiSKX/","https://scontent-mad2-1.cdninstagram.com/o1/v/t2/f2/m367/AQOtpv9ok1utAdjSO-s5lX4YHhl0EaSTWD8iGy59crANiJZSEH9QS_2eVD9jq95yDoYUIRBmnxH4YCIk6GH_8dikCWisYR22Eke6IkY.mp4?_nc_cat=111&_nc_sid=5e9851&_nc_ht=scontent-mad2-1.cdninstagram.com&_nc_ohc=_YYIWjkuO8wQ7kNvwFpJeB1&efg=eyJ2ZW5jb2RlX3RhZyI6Inhwdl9wcm9ncmVzc2l2ZS5JTlNUQUdSQU0uQ0xJUFMuQzMuNzIwLmRhc2hfYmFzZWxpbmVfMV92MSIsInhwdl9hc3NldF9pZCI6MjAwODc3MjIzOTYyMzAyNywiYXNzZXRfYWdlX2RheXMiOjM0NCwidmlfdXNlY2FzZV9pZCI6MTAwOTksImR1cmF0aW9uX3MiOjQsInVybGdlbl9zb3VyY2UiOiJ3d3cifQ%3D%3D&ccb=17-1&vs=77b14baf09c7b049&_nc_vs=HBksFQIYQGlnX2VwaGVtZXJhbC85MjRBNEM1MEI2NzJGMThDQzkzQTE1MTIyMkZGNUU5NF92aWRlb19kYXNoaW5pdC5tcDQVAALIARIAFQIYR2lnX3hwdl9yZWVsc19wZXJtYW5lbnRfc3JfcHJvZC8xMTk0MTQ3MTAyNDA5OTgyXzE4MDY1ODAxODk1MjU5MjI2NzEubXA0FQICyAESACgAGAAbAogHdXNlX29pbAExEnByb2dyZXNzaXZlX3JlY2lwZQExFQAAJuaNuLz3vZEHFQIoAkMzLBdAEAAAAAAAABgSZGFzaF9iYXNlbGluZV8xX3YxEQB1_gdl5p0BAA&_nc_gid=24cqwLYpRzLZTC90C-Xfmg&_nc_ss=7a30f&_nc_zt=28&oh=00_AfyCIKDD6YsOd3WQ5hT8FkkDSSBe6KwbFI1CDmpRQwwhug&oe=69C2FBCC"
"Včerejší návštěva v @hm .. musím říct, že tentokrát bylo z čeho vybírat.. kalhoty s příměsí lnu v krásné šedé barvě.. Ty jsi určitě pořídím, ale chtěla bych je volnější.. halenka je ze 100 bavlny a na léto úžasně pohodlná.. tato byla v XL a byla mi naopak velká 🫣 je střižena jako oversize .. dalším kouskem jsou šaty v XL byl taky velké i na mou postavu vel. 44.. ale tyto šly se mnou domů ve velikosti L.. a poslední jsou letní kalhoty.. na fotce ve vel. L .. toto je model, ve kterém bude vypadat dobře jakákoliv postava.. já je chtěla mít volnější, proto jsem si je pořídila ve velikosti XL.. tak co zaujalo vás? 

#plussize #plussizefashion #xl #modaproplnostihle #hm #leto #summer #vypadatdobre #letnimoda #summerfashion2025","0","1350","1080","https://scontent-atl3-3.cdninstagram.com/v/t51.2885-15/488612745_18128221081421662_7693213491392110872_n.jpg?stp=dst-jpg_e35_p1080x1080_sh0.08_tt6&_nc_ht=scontent-atl3-3.cdninstagram.com&_nc_cat=110&_nc_oc=Q6cZ2gF4o_qUfF1ose9johoswdZDFaSesHVA5lDeJGtFKK0G63gNiKmSCes-1ver5ZLx1h4&_nc_ohc=D_vLdK5ZA_oQ7kNvwFlIvrL&_nc_gid=E8ahs9wzEx9EEEe5MERXmw&edm=APU89FABAAAA&ccb=7-5&oh=00_AfyBFtt1sHrs9Sv0w3CBje_DCPBKcHCvdCUkE8KvyCaZug&oe=69C2EA97&_nc_sid=bc0c2c","plussize","plussizefashion","xl","modaproplnostihle","hm","leto","summer","vypadatdobre","letnimoda","summerfashion2025",,,,,"3606035045506697096","false",,"3","Michaela , stylistka pro ženy 50+, s plus size postavou","12507893661","stylovav50",,"DILNcSvCUeI","2025-04-08T06:14:57.000Z","Sidecar","https://www.instagram.com/p/DILNcSvCUeI/",
"I s velikostí 44 může člověk vypadat chic 😎 Můj outfit dne..
 
#plussize #plussizestyle #plussizefashion #plussizeinspiration #moda #outfitoftheday #outfitdne","0","1350","1080","https://scontent-atl3-3.cdninstagram.com/v/t51.2885-15/488716356_18127903327421662_7887268804253349752_n.jpg?stp=dst-jpg_e35_p1080x1080_sh0.08_tt6&_nc_ht=scontent-atl3-3.cdninstagram.com&_nc_cat=110&_nc_oc=Q6cZ2gF4o_qUfF1ose9johoswdZDFaSesHVA5lDeJGtFKK0G63gNiKmSCes-1ver5ZLx1h4&_nc_ohc=oGKxbTrjBZMQ7kNvwGmzZVL&_nc_gid=E8ahs9wzEx9EEEe5MERXmw&edm=APU89FABAAAA&ccb=7-5&oh=00_Afy7maVw9uGV5vqGs7pzGMGFWhgqbRsCjjXSQlmfKwTg6A&oe=69C301A6&_nc_sid=bc0c2c","plussize","plussizestyle","plussizefashion","plussizeinspiration","moda","outfitoftheday","outfitdne",,,,,,,,"3603354399265084575","false",,"5","Michaela , stylistka pro ženy 50+, s plus size postavou","12507893661","stylovav50",,"DIBr7wYCVSf","2025-04-04T13:28:59.000Z","Image","https://www.instagram.com/p/DIBr7wYCVSf/",
